ISO-10303-21;
HEADER;
/* Generated by software containing ST-Developer
 * from STEP Tools, Inc. (www.steptools.com) 
 */
/* OPTION: using custom renumber hook */

FILE_DESCRIPTION(
/* description */ ('STEP AP242 Edition 2',
'CAx-IF Rec.Pracs.---Representation and Presentation of Product Manufa
cturing Information (PMI)---4.0---2014-10-13',
'CAx-IF Rec.Pracs.---3D Tessellated Geometry---0.4---2014-09-14','2;1',
'CAx-IF Rec.Pracs.---User Defined Attributes---1.5---2016-08-15'),
/* implementation_level */ '2;1');

FILE_NAME(
/* name */ 'basic_container_and_lid',
/* time_stamp */ '2026-09-15T08:31:21Z',
/* author */ (''),
/* organization */ (''),
/* preprocessor_version */ 'ST-DEVELOPER v20',
/* originating_system */ 'ONSHAPE BY PTC INC, 1.220',
/* authorisation */ '  ');

FILE_SCHEMA (('AP242_MANAGED_MODEL_BASED_3D_ENGINEERING_MIM_LF { 1 0 10303 442 3 1 4 }'));
ENDSEC;

DATA;
#10=SPHERICAL_SURFACE('',#315,0.02);
#11=SHAPE_REPRESENTATION_RELATIONSHIP('','',#290,#13);
#12=SHAPE_REPRESENTATION_RELATIONSHIP('','',#291,#14);
#13=ADVANCED_BREP_SHAPE_REPRESENTATION('',(#286),#1369);
#14=ADVANCED_BREP_SHAPE_REPRESENTATION('',(#287),#1370);
#15=(
BOUNDED_CURVE()
B_SPLINE_CURVE(2,(#489,#490,#491,#492,#493,#494,#495,#496,#497,#498,#499,
#500,#501,#502,#503,#504,#505,#506,#507,#508,#509,#510,#511,#512,#513,#514,
#515,#516,#517,#518,#519,#520,#521,#522,#523,#524,#525,#526,#527,#528,#529,
#530,#531,#532,#533,#534,#535,#536,#537),.UNSPECIFIED.,.F.,.F.)
B_SPLINE_CURVE_WITH_KNOTS((3,2,2,2,2,2,2,2,2,2,2,2,2,2,2,2,2,2,2,2,2,2,
2,2,3),(0.,0.0416666666666667,0.0833333333333333,0.125,0.166666666666667,
0.208333333333334,0.25,0.291666666666667,0.333333333333334,0.375,0.416666666666667,
0.458333333333333,0.5,0.541666666666667,0.583333333333333,0.625,0.666666666666667,
0.708333333333333,0.75,0.791666666666667,0.833333333333333,0.875,0.916666666666667,
0.958333333333333,1.),.UNSPECIFIED.)
CURVE()
GEOMETRIC_REPRESENTATION_ITEM()
RATIONAL_B_SPLINE_CURVE((1.,0.866025403784439,1.,0.866025403784439,1.,0.866025403784439,
1.,0.866025403784439,1.,0.866025403784439,1.,0.866025403784439,1.,0.866025403784439,
1.,0.866025403784439,1.,0.866025403784439,1.,0.866025403784439,1.,0.866025403784439,
1.,0.866025403784439,1.,0.866025403784439,1.,0.866025403784439,1.,0.866025403784439,
1.,0.866025403784439,1.,0.866025403784439,1.,0.866025403784439,1.,0.866025403784439,
1.,0.866025403784439,1.,0.866025403784439,1.,0.866025403784439,1.,0.866025403784439,
1.,0.866025403784439,1.))
REPRESENTATION_ITEM('')
);
#16=(
BOUNDED_CURVE()
B_SPLINE_CURVE(2,(#557,#558,#559,#560,#561,#562,#563,#564,#565,#566,#567,
#568,#569,#570,#571,#572,#573,#574,#575,#576,#577,#578,#579,#580,#581,#582,
#583,#584,#585,#586,#587,#588,#589,#590,#591,#592,#593,#594,#595,#596,#597,
#598,#599,#600,#601,#602,#603,#604,#605),.UNSPECIFIED.,.F.,.F.)
B_SPLINE_CURVE_WITH_KNOTS((3,2,2,2,2,2,2,2,2,2,2,2,2,2,2,2,2,2,2,2,2,2,
2,2,3),(0.,0.0416666666666667,0.0833333333333333,0.125,0.166666666666667,
0.208333333333334,0.25,0.291666666666667,0.333333333333334,0.375,0.416666666666667,
0.458333333333333,0.5,0.541666666666667,0.583333333333333,0.625,0.666666666666667,
0.708333333333333,0.75,0.791666666666667,0.833333333333333,0.875,0.916666666666667,
0.958333333333333,1.),.UNSPECIFIED.)
CURVE()
GEOMETRIC_REPRESENTATION_ITEM()
RATIONAL_B_SPLINE_CURVE((1.,0.866025403784439,1.,0.866025403784439,1.,0.866025403784439,
1.,0.866025403784439,1.,0.866025403784439,1.,0.866025403784439,1.,0.866025403784439,
1.,0.866025403784439,1.,0.866025403784439,1.,0.866025403784439,1.,0.866025403784439,
1.,0.866025403784439,1.,0.866025403784439,1.,0.866025403784439,1.,0.866025403784439,
1.,0.866025403784439,1.,0.866025403784439,1.,0.866025403784439,1.,0.866025403784439,
1.,0.866025403784439,1.,0.866025403784439,1.,0.866025403784439,1.,0.866025403784439,
1.,0.866025403784439,1.))
REPRESENTATION_ITEM('')
);
#17=(
BOUNDED_CURVE()
B_SPLINE_CURVE(2,(#607,#608,#609,#610,#611,#612,#613,#614,#615,#616,#617,
#618,#619,#620,#621,#622,#623,#624,#625,#626,#627,#628,#629,#630,#631,#632,
#633,#634,#635,#636,#637,#638,#639,#640,#641,#642,#643,#644,#645,#646,#647,
#648,#649,#650,#651,#652,#653,#654,#655),.UNSPECIFIED.,.F.,.F.)
B_SPLINE_CURVE_WITH_KNOTS((3,2,2,2,2,2,2,2,2,2,2,2,2,2,2,2,2,2,2,2,2,2,
2,2,3),(0.,0.0416666666666667,0.0833333333333333,0.125,0.166666666666667,
0.208333333333334,0.25,0.291666666666667,0.333333333333334,0.375,0.416666666666667,
0.458333333333333,0.5,0.541666666666667,0.583333333333333,0.625,0.666666666666667,
0.708333333333333,0.75,0.791666666666667,0.833333333333333,0.875,0.916666666666667,
0.958333333333333,1.),.UNSPECIFIED.)
CURVE()
GEOMETRIC_REPRESENTATION_ITEM()
RATIONAL_B_SPLINE_CURVE((1.,0.866025403784439,1.,0.866025403784439,1.,0.866025403784439,
1.,0.866025403784439,1.,0.866025403784439,1.,0.866025403784439,1.,0.866025403784439,
1.,0.866025403784439,1.,0.866025403784439,1.,0.866025403784439,1.,0.866025403784439,
1.,0.866025403784439,1.,0.866025403784439,1.,0.866025403784439,1.,0.866025403784439,
1.,0.866025403784439,1.,0.866025403784439,1.,0.866025403784439,1.,0.866025403784439,
1.,0.866025403784439,1.,0.866025403784439,1.,0.866025403784439,1.,0.866025403784439,
1.,0.866025403784439,1.))
REPRESENTATION_ITEM('')
);
#18=(
BOUNDED_CURVE()
B_SPLINE_CURVE(2,(#748,#749,#750,#751,#752,#753,#754,#755,#756,#757,#758,
#759,#760,#761,#762,#763,#764,#765,#766,#767,#768,#769,#770,#771,#772,#773,
#774,#775,#776,#777,#778,#779,#780,#781,#782,#783,#784,#785,#786,#787,#788,
#789,#790,#791,#792,#793,#794,#795,#796),.UNSPECIFIED.,.F.,.F.)
B_SPLINE_CURVE_WITH_KNOTS((3,2,2,2,2,2,2,2,2,2,2,2,2,2,2,2,2,2,2,2,2,2,
2,2,3),(0.,0.0416666666666667,0.0833333333333333,0.125,0.166666666666667,
0.208333333333334,0.25,0.291666666666667,0.333333333333334,0.375,0.416666666666667,
0.458333333333333,0.5,0.541666666666667,0.583333333333333,0.625,0.666666666666667,
0.708333333333333,0.75,0.791666666666667,0.833333333333333,0.875,0.916666666666667,
0.958333333333333,1.),.UNSPECIFIED.)
CURVE()
GEOMETRIC_REPRESENTATION_ITEM()
RATIONAL_B_SPLINE_CURVE((1.,0.866025403784439,1.,0.866025403784439,1.,0.866025403784439,
1.,0.866025403784439,1.,0.866025403784439,1.,0.866025403784439,1.,0.866025403784439,
1.,0.866025403784439,1.,0.866025403784439,1.,0.866025403784439,1.,0.866025403784439,
1.,0.866025403784439,1.,0.866025403784439,1.,0.866025403784439,1.,0.866025403784439,
1.,0.866025403784439,1.,0.866025403784439,1.,0.866025403784439,1.,0.866025403784439,
1.,0.866025403784439,1.,0.866025403784439,1.,0.866025403784439,1.,0.866025403784439,
1.,0.866025403784439,1.))
REPRESENTATION_ITEM('')
);
#19=(
BOUNDED_CURVE()
B_SPLINE_CURVE(2,(#874,#875,#876,#877,#878,#879,#880,#881,#882,#883,#884,
#885,#886,#887,#888,#889,#890,#891,#892,#893,#894,#895,#896,#897,#898,#899,
#900,#901,#902,#903,#904,#905,#906,#907,#908,#909,#910,#911,#912,#913,#914,
#915,#916,#917,#918,#919,#920,#921,#922),.UNSPECIFIED.,.F.,.F.)
B_SPLINE_CURVE_WITH_KNOTS((3,2,2,2,2,2,2,2,2,2,2,2,2,2,2,2,2,2,2,2,2,2,
2,2,3),(0.,0.0416666666666667,0.0833333333333333,0.125,0.166666666666667,
0.208333333333334,0.25,0.291666666666667,0.333333333333334,0.375,0.416666666666667,
0.458333333333333,0.5,0.541666666666667,0.583333333333333,0.625,0.666666666666667,
0.708333333333333,0.75,0.791666666666667,0.833333333333333,0.875,0.916666666666667,
0.958333333333333,1.),.UNSPECIFIED.)
CURVE()
GEOMETRIC_REPRESENTATION_ITEM()
RATIONAL_B_SPLINE_CURVE((1.,0.866025403784439,1.,0.866025403784439,1.,0.866025403784439,
1.,0.866025403784439,1.,0.866025403784439,1.,0.866025403784439,1.,0.866025403784439,
1.,0.866025403784439,1.,0.866025403784439,1.,0.866025403784439,1.,0.866025403784439,
1.,0.866025403784439,1.,0.866025403784439,1.,0.866025403784439,1.,0.866025403784439,
1.,0.866025403784439,1.,0.866025403784439,1.,0.866025403784439,1.,0.866025403784439,
1.,0.866025403784439,1.,0.866025403784439,1.,0.866025403784439,1.,0.866025403784439,
1.,0.866025403784439,1.))
REPRESENTATION_ITEM('')
);
#20=(
BOUNDED_CURVE()
B_SPLINE_CURVE(2,(#926,#927,#928,#929,#930,#931,#932,#933,#934,#935,#936,
#937,#938,#939,#940,#941,#942,#943,#944,#945,#946,#947,#948,#949,#950,#951,
#952,#953,#954,#955,#956,#957,#958,#959,#960,#961,#962,#963,#964,#965,#966,
#967,#968,#969,#970,#971,#972,#973,#974),.UNSPECIFIED.,.F.,.F.)
B_SPLINE_CURVE_WITH_KNOTS((3,2,2,2,2,2,2,2,2,2,2,2,2,2,2,2,2,2,2,2,2,2,
2,2,3),(0.,0.0416666666666667,0.0833333333333333,0.125,0.166666666666667,
0.208333333333334,0.25,0.291666666666667,0.333333333333334,0.375,0.416666666666667,
0.458333333333333,0.5,0.541666666666667,0.583333333333333,0.625,0.666666666666667,
0.708333333333333,0.75,0.791666666666667,0.833333333333333,0.875,0.916666666666667,
0.958333333333333,1.),.UNSPECIFIED.)
CURVE()
GEOMETRIC_REPRESENTATION_ITEM()
RATIONAL_B_SPLINE_CURVE((1.,0.866025403784439,1.,0.866025403784439,1.,0.866025403784439,
1.,0.866025403784439,1.,0.866025403784439,1.,0.866025403784439,1.,0.866025403784439,
1.,0.866025403784439,1.,0.866025403784439,1.,0.866025403784439,1.,0.866025403784439,
1.,0.866025403784439,1.,0.866025403784439,1.,0.866025403784439,1.,0.866025403784439,
1.,0.866025403784439,1.,0.866025403784439,1.,0.866025403784439,1.,0.866025403784439,
1.,0.866025403784439,1.,0.866025403784439,1.,0.866025403784439,1.,0.866025403784439,
1.,0.866025403784439,1.))
REPRESENTATION_ITEM('')
);
#21=(
BOUNDED_CURVE()
B_SPLINE_CURVE(2,(#1130,#1131,#1132,#1133,#1134,#1135,#1136,#1137,#1138,
#1139,#1140,#1141,#1142,#1143,#1144,#1145,#1146,#1147,#1148,#1149,#1150,
#1151,#1152,#1153,#1154,#1155,#1156,#1157,#1158,#1159,#1160,#1161,#1162,
#1163,#1164,#1165,#1166,#1167,#1168,#1169,#1170,#1171,#1172,#1173,#1174,
#1175,#1176,#1177,#1178),.UNSPECIFIED.,.F.,.F.)
B_SPLINE_CURVE_WITH_KNOTS((3,2,2,2,2,2,2,2,2,2,2,2,2,2,2,2,2,2,2,2,2,2,
2,2,3),(0.,0.0416666666666667,0.0833333333333333,0.125,0.166666666666667,
0.208333333333334,0.25,0.291666666666667,0.333333333333334,0.375,0.416666666666667,
0.458333333333333,0.5,0.541666666666667,0.583333333333333,0.625,0.666666666666667,
0.708333333333333,0.75,0.791666666666667,0.833333333333333,0.875,0.916666666666667,
0.958333333333333,1.),.UNSPECIFIED.)
CURVE()
GEOMETRIC_REPRESENTATION_ITEM()
RATIONAL_B_SPLINE_CURVE((1.,0.866025403784439,1.,0.866025403784439,1.,0.866025403784439,
1.,0.866025403784439,1.,0.866025403784439,1.,0.866025403784439,1.,0.866025403784439,
1.,0.866025403784439,1.,0.866025403784439,1.,0.866025403784439,1.,0.866025403784439,
1.,0.866025403784439,1.,0.866025403784439,1.,0.866025403784439,1.,0.866025403784439,
1.,0.866025403784439,1.,0.866025403784439,1.,0.866025403784439,1.,0.866025403784439,
1.,0.866025403784439,1.,0.866025403784439,1.,0.866025403784439,1.,0.866025403784439,
1.,0.866025403784439,1.))
REPRESENTATION_ITEM('')
);
#22=(
BOUNDED_CURVE()
B_SPLINE_CURVE(2,(#1263,#1264,#1265,#1266,#1267,#1268,#1269,#1270,#1271,
#1272,#1273,#1274,#1275,#1276,#1277,#1278,#1279,#1280,#1281,#1282,#1283,
#1284,#1285,#1286,#1287,#1288,#1289,#1290,#1291,#1292,#1293,#1294,#1295,
#1296,#1297,#1298,#1299,#1300,#1301,#1302,#1303,#1304,#1305,#1306,#1307,
#1308,#1309,#1310,#1311),.UNSPECIFIED.,.F.,.F.)
B_SPLINE_CURVE_WITH_KNOTS((3,2,2,2,2,2,2,2,2,2,2,2,2,2,2,2,2,2,2,2,2,2,
2,2,3),(0.,0.0416666666666667,0.0833333333333333,0.125,0.166666666666667,
0.208333333333334,0.25,0.291666666666667,0.333333333333334,0.375,0.416666666666667,
0.458333333333333,0.5,0.541666666666667,0.583333333333333,0.625,0.666666666666667,
0.708333333333333,0.75,0.791666666666667,0.833333333333333,0.875,0.916666666666667,
0.958333333333333,1.),.UNSPECIFIED.)
CURVE()
GEOMETRIC_REPRESENTATION_ITEM()
RATIONAL_B_SPLINE_CURVE((1.,0.866025403784439,1.,0.866025403784439,1.,0.866025403784439,
1.,0.866025403784439,1.,0.866025403784439,1.,0.866025403784439,1.,0.866025403784439,
1.,0.866025403784439,1.,0.866025403784439,1.,0.866025403784439,1.,0.866025403784439,
1.,0.866025403784439,1.,0.866025403784439,1.,0.866025403784439,1.,0.866025403784439,
1.,0.866025403784439,1.,0.866025403784439,1.,0.866025403784439,1.,0.866025403784439,
1.,0.866025403784439,1.,0.866025403784439,1.,0.866025403784439,1.,0.866025403784439,
1.,0.866025403784439,1.))
REPRESENTATION_ITEM('')
);
#23=(
BOUNDED_SURFACE()
B_SPLINE_SURFACE(1,2,((#435,#436,#437,#438,#439,#440,#441,#442,#443,#444,
#445,#446,#447,#448,#449,#450,#451,#452,#453,#454,#455,#456,#457,#458,#459,
#460,#461),(#462,#463,#464,#465,#466,#467,#468,#469,#470,#471,#472,#473,
#474,#475,#476,#477,#478,#479,#480,#481,#482,#483,#484,#485,#486,#487,#488)),
 .UNSPECIFIED.,.F.,.F.,.F.)
B_SPLINE_SURFACE_WITH_KNOTS((2,2),(3,2,2,2,2,2,2,2,2,2,2,2,2,3),(0.,1.),
(0.333255330293172,0.333333333333334,0.375,0.416666666666667,0.458333333333333,
0.5,0.541666666666667,0.583333333333333,0.625,0.666666666666667,0.708333333333333,
0.75,0.791666666666667,0.82477440932835),.PIECEWISE_BEZIER_KNOTS.)
GEOMETRIC_REPRESENTATION_ITEM()
RATIONAL_B_SPLINE_SURFACE(((0.999499318631216,0.999749189780577,1.,0.866025403784439,
1.,0.866025403784439,1.,0.866025403784439,1.,0.866025403784439,1.,0.866025403784439,
1.,0.866025403784439,1.,0.866025403784439,1.,0.866025403784439,1.,0.866025403784439,
1.,0.866025403784439,1.,0.866025403784439,1.,0.893545685087015,0.956265549215545),
(0.999499318631216,0.999749189780577,1.,0.866025403784439,1.,0.866025403784439,
1.,0.866025403784439,1.,0.866025403784439,1.,0.866025403784439,1.,0.866025403784439,
1.,0.866025403784439,1.,0.866025403784439,1.,0.866025403784439,1.,0.866025403784439,
1.,0.866025403784439,1.,0.893545685087015,0.956265549215545)))
REPRESENTATION_ITEM('')
SURFACE()
);
#24=(
BOUNDED_SURFACE()
B_SPLINE_SURFACE(3,2,((#656,#657,#658,#659,#660,#661,#662,#663,#664,#665,
#666,#667,#668,#669,#670,#671,#672,#673,#674,#675,#676,#677,#678),(#679,
#680,#681,#682,#683,#684,#685,#686,#687,#688,#689,#690,#691,#692,#693,#694,
#695,#696,#697,#698,#699,#700,#701),(#702,#703,#704,#705,#706,#707,#708,
#709,#710,#711,#712,#713,#714,#715,#716,#717,#718,#719,#720,#721,#722,#723,
#724),(#725,#726,#727,#728,#729,#730,#731,#732,#733,#734,#735,#736,#737,
#738,#739,#740,#741,#742,#743,#744,#745,#746,#747)),.UNSPECIFIED.,.F.,.F.,
 .F.)
B_SPLINE_SURFACE_WITH_KNOTS((4,4),(3,2,2,2,2,2,2,2,2,2,2,3),(0.,1.),(0.306741222994699,
0.333333333333334,0.375,0.416666666666667,0.458333333333333,0.5,0.541666666666667,
0.583333333333333,0.625,0.666666666666667,0.708333333333333,0.713581571961164),
 .PIECEWISE_BEZIER_KNOTS.)
GEOMETRIC_REPRESENTATION_ITEM()
RATIONAL_B_SPLINE_SURFACE(((0.938131116469269,0.914495986116683,1.,0.866025403784439,
1.,0.866025403784439,1.,0.866025403784439,1.,0.866025403784439,1.,0.866025403784439,
1.,0.866025403784439,1.,0.866025403784439,1.,0.866025403784439,1.,0.866025403784439,
1.,0.983124864375843,0.970500836206049),(0.75494962155478,0.73592953747289,
0.804737854124371,0.696923425058681,0.804737854124371,0.696923425058681,
0.804737854124371,0.696923425058681,0.804737854124371,0.696923425058681,
0.804737854124371,0.696923425058681,0.804737854124371,0.696923425058681,
0.804737854124371,0.696923425058681,0.804737854124371,0.696923425058681,
0.804737854124371,0.696923425058681,0.804737854124371,0.791157793694129,
0.780998760354364),(0.75494962155478,0.73592953747289,0.804737854124371,
0.696923425058681,0.804737854124371,0.696923425058681,0.804737854124371,
0.696923425058681,0.804737854124371,0.696923425058681,0.804737854124371,
0.696923425058681,0.804737854124371,0.696923425058681,0.804737854124371,
0.696923425058681,0.804737854124371,0.696923425058681,0.804737854124371,
0.696923425058681,0.804737854124371,0.791157793694129,0.780998760354364),
(0.938131116469269,0.914495986116683,1.,0.866025403784439,1.,0.866025403784439,
1.,0.866025403784439,1.,0.866025403784439,1.,0.866025403784439,1.,0.866025403784439,
1.,0.866025403784439,1.,0.866025403784439,1.,0.866025403784439,1.,0.983124864375843,
0.970500836206049)))
REPRESENTATION_ITEM('')
SURFACE()
);
#25=(
BOUNDED_SURFACE()
B_SPLINE_SURFACE(1,2,((#804,#805,#806,#807,#808,#809,#810,#811,#812,#813,
#814,#815,#816,#817,#818,#819,#820,#821,#822,#823,#824,#825,#826),(#827,
#828,#829,#830,#831,#832,#833,#834,#835,#836,#837,#838,#839,#840,#841,#842,
#843,#844,#845,#846,#847,#848,#849)),.UNSPECIFIED.,.F.,.F.,.F.)
B_SPLINE_SURFACE_WITH_KNOTS((2,2),(3,2,2,2,2,2,2,2,2,2,2,3),(0.,1.),(0.273462155366244,
0.291666666666667,0.333333333333334,0.375,0.416666666666667,0.458333333333333,
0.5,0.541666666666667,0.583333333333333,0.625,0.666666666666667,0.686602770210971),
 .PIECEWISE_BEZIER_KNOTS.)
GEOMETRIC_REPRESENTATION_ITEM()
RATIONAL_B_SPLINE_SURFACE(((0.934079291402099,0.941465390781381,1.,0.866025403784439,
1.,0.866025403784439,1.,0.866025403784439,1.,0.866025403784439,1.,0.866025403784439,
1.,0.866025403784439,1.,0.866025403784439,1.,0.866025403784439,1.,0.866025403784439,
1.,0.935897645860965,0.933136947860305),(0.934079291402099,0.941465390781381,
1.,0.866025403784439,1.,0.866025403784439,1.,0.866025403784439,1.,0.866025403784439,
1.,0.866025403784439,1.,0.866025403784439,1.,0.866025403784439,1.,0.866025403784439,
1.,0.866025403784439,1.,0.935897645860965,0.933136947860305)))
REPRESENTATION_ITEM('')
SURFACE()
);
#26=(
BOUNDED_SURFACE()
B_SPLINE_SURFACE(1,2,((#1080,#1081,#1082,#1083,#1084,#1085,#1086,#1087,
#1088,#1089,#1090,#1091,#1092,#1093,#1094,#1095,#1096,#1097,#1098,#1099,
#1100,#1101,#1102,#1103,#1104),(#1105,#1106,#1107,#1108,#1109,#1110,#1111,
#1112,#1113,#1114,#1115,#1116,#1117,#1118,#1119,#1120,#1121,#1122,#1123,
#1124,#1125,#1126,#1127,#1128,#1129)),.UNSPECIFIED.,.F.,.F.,.F.)
B_SPLINE_SURFACE_WITH_KNOTS((2,2),(3,2,2,2,2,2,2,2,2,2,2,2,3),(0.,1.),(0.108694886520521,
0.125,0.166666666666667,0.208333333333334,0.25,0.291666666666667,0.333333333333334,
0.375,0.416666666666667,0.458333333333333,0.5,0.541666666666667,0.561839950740883),
 .PIECEWISE_BEZIER_KNOTS.)
GEOMETRIC_REPRESENTATION_ITEM()
RATIONAL_B_SPLINE_SURFACE(((0.936177382930825,0.947572696128109,1.,0.866025403784439,
1.,0.866025403784439,1.,0.866025403784439,1.,0.866025403784439,1.,0.866025403784439,
1.,0.866025403784439,1.,0.866025403784439,1.,0.866025403784439,1.,0.866025403784439,
1.,0.866025403784439,1.,0.93513501788356,0.933079941880909),(0.936177382930825,
0.947572696128109,1.,0.866025403784439,1.,0.866025403784439,1.,0.866025403784439,
1.,0.866025403784439,1.,0.866025403784439,1.,0.866025403784439,1.,0.866025403784439,
1.,0.866025403784439,1.,0.866025403784439,1.,0.866025403784439,1.,0.93513501788356,
0.933079941880909)))
REPRESENTATION_ITEM('')
SURFACE()
);
#27=(
BOUNDED_SURFACE()
B_SPLINE_SURFACE(3,2,((#1179,#1180,#1181,#1182,#1183,#1184,#1185,#1186,
#1187,#1188,#1189,#1190,#1191,#1192,#1193,#1194,#1195,#1196,#1197,#1198,
#1199),(#1200,#1201,#1202,#1203,#1204,#1205,#1206,#1207,#1208,#1209,#1210,
#1211,#1212,#1213,#1214,#1215,#1216,#1217,#1218,#1219,#1220),(#1221,#1222,
#1223,#1224,#1225,#1226,#1227,#1228,#1229,#1230,#1231,#1232,#1233,#1234,
#1235,#1236,#1237,#1238,#1239,#1240,#1241),(#1242,#1243,#1244,#1245,#1246,
#1247,#1248,#1249,#1250,#1251,#1252,#1253,#1254,#1255,#1256,#1257,#1258,
#1259,#1260,#1261,#1262)),.UNSPECIFIED.,.F.,.F.,.F.)
B_SPLINE_SURFACE_WITH_KNOTS((4,4),(3,2,2,2,2,2,2,2,2,2,3),(0.,1.),(0.184329348195723,
0.208333333333334,0.25,0.291666666666667,0.333333333333334,0.375,0.416666666666667,
0.458333333333333,0.5,0.541666666666667,0.568122131358256),
 .PIECEWISE_BEZIER_KNOTS.)
GEOMETRIC_REPRESENTATION_ITEM()
RATIONAL_B_SPLINE_SURFACE(((0.934564274265752,0.922817818806985,1.,0.866025403784439,
1.,0.866025403784439,1.,0.866025403784439,1.,0.866025403784439,1.,0.866025403784439,
1.,0.866025403784439,1.,0.866025403784439,1.,0.866025403784439,1.,0.914935355205981,
0.9378910963408),(0.752079248613986,0.74262643125453,0.80473785412444,0.696923425058741,
0.80473785412444,0.696923425058741,0.80473785412444,0.696923425058741,0.80473785412444,
0.696923425058741,0.80473785412444,0.696923425058741,0.80473785412444,0.696923425058741,
0.80473785412444,0.696923425058741,0.80473785412444,0.696923425058741,0.80473785412444,
0.736283114411044,0.754756468271714),(0.752079248613986,0.74262643125453,
0.80473785412444,0.696923425058741,0.80473785412444,0.696923425058741,0.80473785412444,
0.696923425058741,0.80473785412444,0.696923425058741,0.80473785412444,0.696923425058741,
0.80473785412444,0.696923425058741,0.80473785412444,0.696923425058741,0.80473785412444,
0.696923425058741,0.80473785412444,0.736283114411044,0.754756468271714),
(0.934564274265752,0.922817818806985,1.,0.866025403784439,1.,0.866025403784439,
1.,0.866025403784439,1.,0.866025403784439,1.,0.866025403784439,1.,0.866025403784439,
1.,0.866025403784439,1.,0.866025403784439,1.,0.914935355205981,0.9378910963408)))
REPRESENTATION_ITEM('')
SURFACE()
);
#28=(
BOUNDED_SURFACE()
B_SPLINE_SURFACE(1,2,((#1312,#1313,#1314,#1315,#1316,#1317,#1318,#1319,
#1320,#1321,#1322,#1323,#1324,#1325,#1326,#1327,#1328,#1329,#1330,#1331,
#1332,#1333,#1334,#1335,#1336,#1337,#1338),(#1339,#1340,#1341,#1342,#1343,
#1344,#1345,#1346,#1347,#1348,#1349,#1350,#1351,#1352,#1353,#1354,#1355,
#1356,#1357,#1358,#1359,#1360,#1361,#1362,#1363,#1364,#1365)),
 .UNSPECIFIED.,.F.,.F.,.F.)
B_SPLINE_SURFACE_WITH_KNOTS((2,2),(3,2,2,2,2,2,2,2,2,2,2,2,2,3),(0.,1.),
(0.19037329042719,0.208333333333334,0.25,0.291666666666667,0.333333333333334,
0.375,0.416666666666667,0.458333333333333,0.5,0.541666666666667,0.583333333333333,
0.625,0.666666666666667,0.687098330041622),.PIECEWISE_BEZIER_KNOTS.)
GEOMETRIC_REPRESENTATION_ITEM()
RATIONAL_B_SPLINE_SURFACE(((0.934286891291959,0.942251452087246,1.,0.866025403784439,
1.,0.866025403784439,1.,0.866025403784439,1.,0.866025403784439,1.,0.866025403784439,
1.,0.866025403784439,1.,0.866025403784439,1.,0.866025403784439,1.,0.866025403784439,
1.,0.866025403784439,1.,0.866025403784439,1.,0.934304227583873,0.933037602711619),
(0.934286891291959,0.942251452087246,1.,0.866025403784439,1.,0.866025403784439,
1.,0.866025403784439,1.,0.866025403784439,1.,0.866025403784439,1.,0.866025403784439,
1.,0.866025403784439,1.,0.866025403784439,1.,0.866025403784439,1.,0.866025403784439,
1.,0.866025403784439,1.,0.934304227583873,0.933037602711619)))
REPRESENTATION_ITEM('')
SURFACE()
);
#29=CONICAL_SURFACE('',#300,0.02125,0.955316618124509);
#30=CONICAL_SURFACE('',#302,0.02625,0.785398163397448);
#31=CONICAL_SURFACE('',#313,0.022,1.21991691592263);
#32=CONICAL_SURFACE('',#320,0.02525,0.785398163397448);
#33=CYLINDRICAL_SURFACE('',#296,0.02625);
#34=CYLINDRICAL_SURFACE('',#304,0.023);
#35=CYLINDRICAL_SURFACE('',#309,0.02625);
#36=CYLINDRICAL_SURFACE('',#317,0.02);
#37=CIRCLE('',#294,0.02325);
#38=CIRCLE('',#295,0.02625);
#39=CIRCLE('',#297,0.02625);
#40=CIRCLE('',#299,0.02525);
#41=CIRCLE('',#305,0.023);
#42=CIRCLE('',#306,0.023);
#43=CIRCLE('',#308,0.02525);
#44=CIRCLE('',#310,0.02625);
#45=CIRCLE('',#311,0.02625);
#46=CIRCLE('',#314,0.022);
#47=CIRCLE('',#316,0.02);
#48=CIRCLE('',#318,0.02);
#49=ORIENTED_EDGE('',*,*,#113,.F.);
#50=ORIENTED_EDGE('',*,*,#114,.F.);
#51=ORIENTED_EDGE('',*,*,#115,.T.);
#52=ORIENTED_EDGE('',*,*,#116,.T.);
#53=ORIENTED_EDGE('',*,*,#115,.F.);
#54=ORIENTED_EDGE('',*,*,#117,.T.);
#55=ORIENTED_EDGE('',*,*,#118,.F.);
#56=ORIENTED_EDGE('',*,*,#114,.T.);
#57=ORIENTED_EDGE('',*,*,#119,.F.);
#58=ORIENTED_EDGE('',*,*,#119,.T.);
#59=ORIENTED_EDGE('',*,*,#120,.T.);
#60=ORIENTED_EDGE('',*,*,#121,.T.);
#61=ORIENTED_EDGE('',*,*,#122,.F.);
#62=ORIENTED_EDGE('',*,*,#123,.F.);
#63=ORIENTED_EDGE('',*,*,#113,.T.);
#64=ORIENTED_EDGE('',*,*,#124,.T.);
#65=ORIENTED_EDGE('',*,*,#125,.T.);
#66=ORIENTED_EDGE('',*,*,#120,.F.);
#67=ORIENTED_EDGE('',*,*,#118,.T.);
#68=ORIENTED_EDGE('',*,*,#123,.T.);
#69=ORIENTED_EDGE('',*,*,#122,.T.);
#70=ORIENTED_EDGE('',*,*,#126,.T.);
#71=ORIENTED_EDGE('',*,*,#124,.F.);
#72=ORIENTED_EDGE('',*,*,#126,.F.);
#73=ORIENTED_EDGE('',*,*,#121,.F.);
#74=ORIENTED_EDGE('',*,*,#125,.F.);
#75=ORIENTED_EDGE('',*,*,#117,.F.);
#76=ORIENTED_EDGE('',*,*,#116,.F.);
#77=ORIENTED_EDGE('',*,*,#127,.F.);
#78=ORIENTED_EDGE('',*,*,#128,.F.);
#79=ORIENTED_EDGE('',*,*,#129,.F.);
#80=ORIENTED_EDGE('',*,*,#130,.T.);
#81=ORIENTED_EDGE('',*,*,#131,.T.);
#82=ORIENTED_EDGE('',*,*,#132,.T.);
#83=ORIENTED_EDGE('',*,*,#133,.T.);
#84=ORIENTED_EDGE('',*,*,#127,.T.);
#85=ORIENTED_EDGE('',*,*,#134,.F.);
#86=ORIENTED_EDGE('',*,*,#135,.F.);
#87=ORIENTED_EDGE('',*,*,#136,.F.);
#88=ORIENTED_EDGE('',*,*,#133,.F.);
#89=ORIENTED_EDGE('',*,*,#137,.F.);
#90=ORIENTED_EDGE('',*,*,#138,.F.);
#91=ORIENTED_EDGE('',*,*,#139,.F.);
#92=ORIENTED_EDGE('',*,*,#129,.T.);
#93=ORIENTED_EDGE('',*,*,#140,.F.);
#94=ORIENTED_EDGE('',*,*,#141,.F.);
#95=ORIENTED_EDGE('',*,*,#142,.F.);
#96=ORIENTED_EDGE('',*,*,#141,.T.);
#97=ORIENTED_EDGE('',*,*,#142,.T.);
#98=ORIENTED_EDGE('',*,*,#140,.T.);
#99=ORIENTED_EDGE('',*,*,#139,.T.);
#100=ORIENTED_EDGE('',*,*,#143,.T.);
#101=ORIENTED_EDGE('',*,*,#134,.T.);
#102=ORIENTED_EDGE('',*,*,#130,.F.);
#103=ORIENTED_EDGE('',*,*,#138,.T.);
#104=ORIENTED_EDGE('',*,*,#144,.T.);
#105=ORIENTED_EDGE('',*,*,#135,.T.);
#106=ORIENTED_EDGE('',*,*,#143,.F.);
#107=ORIENTED_EDGE('',*,*,#137,.T.);
#108=ORIENTED_EDGE('',*,*,#128,.T.);
#109=ORIENTED_EDGE('',*,*,#136,.T.);
#110=ORIENTED_EDGE('',*,*,#144,.F.);
#111=ORIENTED_EDGE('',*,*,#132,.F.);
#112=ORIENTED_EDGE('',*,*,#131,.F.);
#113=EDGE_CURVE('',#145,#146,#169,.T.);
#114=EDGE_CURVE('',#146,#145,#37,.T.);
#115=EDGE_CURVE('',#147,#147,#38,.T.);
#116=EDGE_CURVE('',#148,#148,#39,.T.);
#117=EDGE_CURVE('',#149,#149,#40,.F.);
#118=EDGE_CURVE('',#146,#150,#170,.T.);
#119=EDGE_CURVE('',#150,#145,#171,.T.);
#120=EDGE_CURVE('',#145,#151,#15,.T.);
#121=EDGE_CURVE('',#151,#152,#172,.T.);
#122=EDGE_CURVE('',#153,#152,#16,.T.);
#123=EDGE_CURVE('',#150,#153,#17,.T.);
#124=EDGE_CURVE('',#146,#154,#18,.T.);
#125=EDGE_CURVE('',#154,#151,#173,.T.);
#126=EDGE_CURVE('',#152,#154,#174,.F.);
#127=EDGE_CURVE('',#155,#156,#41,.T.);
#128=EDGE_CURVE('',#157,#155,#19,.T.);
#129=EDGE_CURVE('',#158,#157,#42,.F.);
#130=EDGE_CURVE('',#158,#156,#20,.T.);
#131=EDGE_CURVE('',#159,#159,#43,.T.);
#132=EDGE_CURVE('',#160,#160,#44,.F.);
#133=EDGE_CURVE('',#161,#161,#45,.T.);
#134=EDGE_CURVE('',#162,#156,#175,.T.);
#135=EDGE_CURVE('',#163,#162,#176,.T.);
#136=EDGE_CURVE('',#155,#163,#177,.T.);
#137=EDGE_CURVE('',#164,#157,#178,.T.);
#138=EDGE_CURVE('',#165,#164,#179,.T.);
#139=EDGE_CURVE('',#158,#165,#180,.T.);
#140=EDGE_CURVE('',#166,#166,#46,.T.);
#141=EDGE_CURVE('',#167,#167,#47,.T.);
#142=EDGE_CURVE('',#168,#168,#48,.T.);
#143=EDGE_CURVE('',#165,#162,#21,.T.);
#144=EDGE_CURVE('',#164,#163,#22,.T.);
#145=VERTEX_POINT('',#387);
#146=VERTEX_POINT('',#388);
#147=VERTEX_POINT('',#391);
#148=VERTEX_POINT('',#394);
#149=VERTEX_POINT('',#397);
#150=VERTEX_POINT('',#405);
#151=VERTEX_POINT('',#538);
#152=VERTEX_POINT('',#556);
#153=VERTEX_POINT('',#606);
#154=VERTEX_POINT('',#797);
#155=VERTEX_POINT('',#872);
#156=VERTEX_POINT('',#873);
#157=VERTEX_POINT('',#923);
#158=VERTEX_POINT('',#925);
#159=VERTEX_POINT('',#977);
#160=VERTEX_POINT('',#980);
#161=VERTEX_POINT('',#982);
#162=VERTEX_POINT('',#1001);
#163=VERTEX_POINT('',#1006);
#164=VERTEX_POINT('',#1052);
#165=VERTEX_POINT('',#1057);
#166=VERTEX_POINT('',#1072);
#167=VERTEX_POINT('',#1075);
#168=VERTEX_POINT('',#1078);
#169=B_SPLINE_CURVE_WITH_KNOTS('',3,(#381,#382,#383,#384,#385,#386),
 .UNSPECIFIED.,.F.,.F.,(4,1,1,4),(1.73472347597681E-18,0.00792468699894418,
0.0118870304984163,0.0158493739978884),.UNSPECIFIED.);
#170=B_SPLINE_CURVE_WITH_KNOTS('',3,(#399,#400,#401,#402,#403,#404),
 .UNSPECIFIED.,.F.,.F.,(4,1,1,4),(3.90312782094782E-18,0.00952083813266887,
0.0142812571990033,0.0190416762653377),.UNSPECIFIED.);
#171=B_SPLINE_CURVE_WITH_KNOTS('',3,(#406,#407,#408,#409,#410,#411,#412,
#413,#414,#415,#416,#417,#418,#419,#420,#421,#422,#423,#424,#425,#426,#427,
#428,#429,#430,#431,#432,#433,#434),.UNSPECIFIED.,.F.,.F.,(4,1,1,1,1,1,
1,1,1,1,1,1,1,1,1,1,1,1,1,1,1,1,1,1,1,1,4),(1.2509268882771E-17,0.00684158908832231,
0.0136831781766446,0.0171039727208058,0.0205247672649669,0.0239455618091281,
0.0273663563532892,0.0307871508974504,0.0342079454416115,0.0410495345299338,
0.0478911236182561,0.0513119181624173,0.0547327127065784,0.0615743017949007,
0.0649950963390619,0.068415890883223,0.0718366854273842,0.0752574799715453,
0.0786782745157065,0.0820990690598676,0.0855198636040288,0.0889406581481899,
0.0923614526923511,0.0957822472365122,0.0992030417806734,0.102623836324835,
0.109465425413157),.UNSPECIFIED.);
#172=B_SPLINE_CURVE_WITH_KNOTS('',3,(#539,#540,#541,#542,#543,#544,#545,
#546,#547,#548,#549,#550,#551,#552,#553,#554,#555),.UNSPECIFIED.,.F.,.F.,
(4,1,1,1,1,1,1,1,1,1,1,1,1,1,4),(0.0420909059848048,0.0460884131399145,
0.0500859202950243,0.0580809346052438,0.0620784417603536,0.0660759489154634,
0.0700734560705732,0.0740709632256829,0.0820659775359025,0.0860634846910122,
0.090060991846122,0.0940584990012318,0.0980560061563416,0.102053513311451,
0.106051020466561),.UNSPECIFIED.);
#173=B_SPLINE_CURVE_WITH_KNOTS('',3,(#798,#799,#800,#801,#802,#803),
 .UNSPECIFIED.,.F.,.F.,(4,1,1,4),(0.0444577813912584,0.0524058334448736,
0.0563798594716812,0.0603538854984888),.UNSPECIFIED.);
#174=B_SPLINE_CURVE_WITH_KNOTS('',3,(#850,#851,#852,#853,#854,#855,#856,
#857,#858,#859,#860,#861,#862,#863,#864,#865,#866),.UNSPECIFIED.,.F.,.F.,
(4,1,1,1,1,1,1,1,1,1,1,1,1,1,4),(0.0644741674026406,0.0724285859406028,
0.0764057952095838,0.0803830044785649,0.084360213747546,0.0883374230165271,
0.0923146322855082,0.0962918415544893,0.10026905082347,0.104246260092451,
0.108223469361433,0.112200678630414,0.116177887899395,0.120155097168376,
0.128109515706338),.UNSPECIFIED.);
#175=B_SPLINE_CURVE_WITH_KNOTS('',3,(#984,#985,#986,#987,#988,#989,#990,
#991,#992,#993,#994,#995,#996,#997,#998,#999,#1000),.UNSPECIFIED.,.F.,.F.,
(4,1,1,1,1,1,1,1,1,1,1,1,1,1,4),(0.0358481416611123,0.0441488409662521,
0.048299190618822,0.0524495402713919,0.0565998899239618,0.0607502395765317,
0.0649005892291016,0.0690509388816715,0.0732012885342413,0.0773516381868112,
0.085652337491951,0.0898026871445209,0.0939530367970908,0.0981033864496607,
0.102253736102231),.UNSPECIFIED.);
#176=B_SPLINE_CURVE_WITH_KNOTS('',3,(#1002,#1003,#1004,#1005),
 .UNSPECIFIED.,.F.,.F.,(4,4),(0.0115171799180437,0.0153117202151832),
 .UNSPECIFIED.);
#177=B_SPLINE_CURVE_WITH_KNOTS('',3,(#1007,#1008,#1009,#1010,#1011,#1012,
#1013,#1014,#1015,#1016,#1017,#1018,#1019,#1020,#1021,#1022),
 .UNSPECIFIED.,.F.,.F.,(4,1,1,1,1,1,1,1,1,1,1,1,1,4),(0.0648823361665572,
0.0732869678961743,0.0774892837609828,0.0816915996257914,0.0858939154906,
0.0900962313554085,0.0985008630850256,0.106905494814643,0.111107810679451,
0.11531012654426,0.119512442409068,0.123714758273877,0.127917074138686,
0.132119390003494),.UNSPECIFIED.);
#178=B_SPLINE_CURVE_WITH_KNOTS('',3,(#1024,#1025,#1026,#1027,#1028,#1029,
#1030,#1031,#1032,#1033,#1034,#1035,#1036,#1037,#1038,#1039,#1040,#1041,
#1042,#1043,#1044,#1045,#1046,#1047,#1048,#1049,#1050,#1051),
 .UNSPECIFIED.,.F.,.F.,(4,1,1,1,1,1,1,1,1,1,1,1,1,1,1,1,1,1,1,1,1,1,1,1,
1,4),(1.73472347597681E-18,0.00573746049127306,0.0086061907369096,0.0114749209825461,
0.0172123814738192,0.0200811117194557,0.0229498419650923,0.0286873024563653,
0.0315560327020019,0.0344247629476384,0.0401622234389114,0.043030953684548,
0.0458996839301845,0.0516371444214576,0.0573746049127306,0.0602433351583672,
0.0631120654040037,0.0659807956496402,0.0688495258952768,0.0717182561409133,
0.0745869863865498,0.0774557166321864,0.0803244468778229,0.0831931771234594,
0.086061907369096,0.091799367860369),.UNSPECIFIED.);
#179=B_SPLINE_CURVE_WITH_KNOTS('',3,(#1053,#1054,#1055,#1056),
 .UNSPECIFIED.,.F.,.F.,(4,4),(3.46944695195361E-18,0.00380303738342525),
 .UNSPECIFIED.);
#180=B_SPLINE_CURVE_WITH_KNOTS('',3,(#1058,#1059,#1060,#1061,#1062,#1063,
#1064,#1065,#1066,#1067,#1068,#1069,#1070),.UNSPECIFIED.,.F.,.F.,(4,1,1,
1,1,1,1,1,1,1,4),(1.27064794212709E-16,0.00534171543042689,0.0106834308608537,
0.013354288576067,0.0160251462912804,0.0213668617217072,0.0240377194369206,
0.0267085771521339,0.0320502925825607,0.0373920080129875,0.0427337234434142),
 .UNSPECIFIED.);
#181=EDGE_LOOP('',(#49,#50));
#182=EDGE_LOOP('',(#51));
#183=EDGE_LOOP('',(#52));
#184=EDGE_LOOP('',(#53));
#185=EDGE_LOOP('',(#54));
#186=EDGE_LOOP('',(#55,#56,#57));
#187=EDGE_LOOP('',(#58,#59,#60,#61,#62));
#188=EDGE_LOOP('',(#63,#64,#65,#66));
#189=EDGE_LOOP('',(#67,#68,#69,#70,#71));
#190=EDGE_LOOP('',(#72,#73,#74));
#191=EDGE_LOOP('',(#75));
#192=EDGE_LOOP('',(#76));
#193=EDGE_LOOP('',(#77,#78,#79,#80));
#194=EDGE_LOOP('',(#81));
#195=EDGE_LOOP('',(#82));
#196=EDGE_LOOP('',(#83));
#197=EDGE_LOOP('',(#84,#85,#86,#87));
#198=EDGE_LOOP('',(#88));
#199=EDGE_LOOP('',(#89,#90,#91,#92));
#200=EDGE_LOOP('',(#93));
#201=EDGE_LOOP('',(#94));
#202=EDGE_LOOP('',(#95));
#203=EDGE_LOOP('',(#96));
#204=EDGE_LOOP('',(#97));
#205=EDGE_LOOP('',(#98));
#206=EDGE_LOOP('',(#99,#100,#101,#102));
#207=EDGE_LOOP('',(#103,#104,#105,#106));
#208=EDGE_LOOP('',(#107,#108,#109,#110));
#209=EDGE_LOOP('',(#111));
#210=EDGE_LOOP('',(#112));
#211=FACE_BOUND('',#181,.T.);
#212=FACE_BOUND('',#182,.T.);
#213=FACE_BOUND('',#183,.T.);
#214=FACE_BOUND('',#184,.T.);
#215=FACE_BOUND('',#185,.T.);
#216=FACE_BOUND('',#186,.T.);
#217=FACE_BOUND('',#187,.T.);
#218=FACE_BOUND('',#188,.T.);
#219=FACE_BOUND('',#189,.T.);
#220=FACE_BOUND('',#190,.T.);
#221=FACE_BOUND('',#191,.T.);
#222=FACE_BOUND('',#192,.T.);
#223=FACE_BOUND('',#193,.T.);
#224=FACE_BOUND('',#194,.T.);
#225=FACE_BOUND('',#195,.T.);
#226=FACE_BOUND('',#196,.T.);
#227=FACE_BOUND('',#197,.T.);
#228=FACE_BOUND('',#198,.T.);
#229=FACE_BOUND('',#199,.T.);
#230=FACE_BOUND('',#200,.T.);
#231=FACE_BOUND('',#201,.T.);
#232=FACE_BOUND('',#202,.T.);
#233=FACE_BOUND('',#203,.T.);
#234=FACE_BOUND('',#204,.T.);
#235=FACE_BOUND('',#205,.T.);
#236=FACE_BOUND('',#206,.T.);
#237=FACE_BOUND('',#207,.T.);
#238=FACE_BOUND('',#208,.T.);
#239=FACE_BOUND('',#209,.T.);
#240=FACE_BOUND('',#210,.T.);
#241=PLANE('',#293);
#242=PLANE('',#298);
#243=PLANE('',#301);
#244=PLANE('',#307);
#245=PLANE('',#312);
#246=PLANE('',#319);
#247=ADVANCED_FACE('',(#211,#212),#241,.T.);
#248=ADVANCED_FACE('',(#213,#214),#33,.T.);
#249=ADVANCED_FACE('',(#215),#242,.F.);
#250=ADVANCED_FACE('',(#216),#29,.F.);
#251=ADVANCED_FACE('',(#217),#23,.F.);
#252=ADVANCED_FACE('',(#218),#24,.F.);
#253=ADVANCED_FACE('',(#219),#25,.F.);
#254=ADVANCED_FACE('',(#220),#243,.F.);
#255=ADVANCED_FACE('',(#221,#222),#30,.T.);
#256=ADVANCED_FACE('',(#223),#34,.T.);
#257=ADVANCED_FACE('',(#224),#244,.T.);
#258=ADVANCED_FACE('',(#225,#226),#35,.T.);
#259=ADVANCED_FACE('',(#227,#228),#245,.T.);
#260=ADVANCED_FACE('',(#229,#230),#31,.T.);
#261=ADVANCED_FACE('',(#231),#10,.F.);
#262=ADVANCED_FACE('',(#232,#233),#36,.F.);
#263=ADVANCED_FACE('',(#234,#235),#246,.F.);
#264=ADVANCED_FACE('',(#236),#26,.F.);
#265=ADVANCED_FACE('',(#237),#27,.F.);
#266=ADVANCED_FACE('',(#238),#28,.F.);
#267=ADVANCED_FACE('',(#239,#240),#32,.T.);
#268=CLOSED_SHELL('',(#247,#248,#249,#250,#251,#252,#253,#254,#255));
#269=CLOSED_SHELL('',(#256,#257,#258,#259,#260,#261,#262,#263,#264,#265,
#266,#267));
#270=STYLED_ITEM('',(#272),#286);
#271=STYLED_ITEM('',(#273),#287);
#272=PRESENTATION_STYLE_ASSIGNMENT((#274));
#273=PRESENTATION_STYLE_ASSIGNMENT((#275));
#274=SURFACE_STYLE_USAGE(.BOTH.,#276);
#275=SURFACE_STYLE_USAGE(.BOTH.,#277);
#276=SURFACE_SIDE_STYLE('',(#278));
#277=SURFACE_SIDE_STYLE('',(#279));
#278=SURFACE_STYLE_FILL_AREA(#280);
#279=SURFACE_STYLE_FILL_AREA(#281);
#280=FILL_AREA_STYLE('',(#282));
#281=FILL_AREA_STYLE('',(#283));
#282=FILL_AREA_STYLE_COLOUR('',#284);
#283=FILL_AREA_STYLE_COLOUR('',#285);
#284=COLOUR_RGB('',0.647058823529412,0.647058823529412,0.647058823529412);
#285=COLOUR_RGB('',0.615686274509804,0.811764705882353,0.929411764705882);
#286=MANIFOLD_SOLID_BREP('lid',#268);
#287=MANIFOLD_SOLID_BREP('container',#269);
#288=SHAPE_DEFINITION_REPRESENTATION(#1379,#290);
#289=SHAPE_DEFINITION_REPRESENTATION(#1380,#291);
#290=SHAPE_REPRESENTATION('lid',(#292),#1369);
#291=SHAPE_REPRESENTATION('container',(#303),#1370);
#292=AXIS2_PLACEMENT_3D('',#379,#321,#322);
#293=AXIS2_PLACEMENT_3D('',#380,#323,#324);
#294=AXIS2_PLACEMENT_3D('',#389,#325,#326);
#295=AXIS2_PLACEMENT_3D('',#390,#327,#328);
#296=AXIS2_PLACEMENT_3D('',#392,#329,#330);
#297=AXIS2_PLACEMENT_3D('',#393,#331,#332);
#298=AXIS2_PLACEMENT_3D('',#395,#333,#334);
#299=AXIS2_PLACEMENT_3D('',#396,#335,#336);
#300=AXIS2_PLACEMENT_3D('',#398,#337,#338);
#301=AXIS2_PLACEMENT_3D('',#867,#339,#340);
#302=AXIS2_PLACEMENT_3D('',#868,#341,#342);
#303=AXIS2_PLACEMENT_3D('',#869,#343,#344);
#304=AXIS2_PLACEMENT_3D('',#870,#345,#346);
#305=AXIS2_PLACEMENT_3D('',#871,#347,#348);
#306=AXIS2_PLACEMENT_3D('',#924,#349,#350);
#307=AXIS2_PLACEMENT_3D('',#975,#351,#352);
#308=AXIS2_PLACEMENT_3D('',#976,#353,#354);
#309=AXIS2_PLACEMENT_3D('',#978,#355,#356);
#310=AXIS2_PLACEMENT_3D('',#979,#357,#358);
#311=AXIS2_PLACEMENT_3D('',#981,#359,#360);
#312=AXIS2_PLACEMENT_3D('',#983,#361,#362);
#313=AXIS2_PLACEMENT_3D('',#1023,#363,#364);
#314=AXIS2_PLACEMENT_3D('',#1071,#365,#366);
#315=AXIS2_PLACEMENT_3D('',#1073,#367,#368);
#316=AXIS2_PLACEMENT_3D('',#1074,#369,#370);
#317=AXIS2_PLACEMENT_3D('',#1076,#371,#372);
#318=AXIS2_PLACEMENT_3D('',#1077,#373,#374);
#319=AXIS2_PLACEMENT_3D('',#1079,#375,#376);
#320=AXIS2_PLACEMENT_3D('',#1366,#377,#378);
#321=DIRECTION('',(0.,0.,1.));
#322=DIRECTION('',(1.,0.,0.));
#323=DIRECTION('',(0.,0.,-1.));
#324=DIRECTION('',(-1.,0.,0.));
#325=DIRECTION('',(0.,0.,-1.));
#326=DIRECTION('',(-1.,0.,0.));
#327=DIRECTION('',(0.,0.,-1.));
#328=DIRECTION('',(-1.,0.,0.));
#329=DIRECTION('',(0.,0.,-1.));
#330=DIRECTION('',(-1.,0.,0.));
#331=DIRECTION('',(0.,0.,-1.));
#332=DIRECTION('',(-1.,0.,0.));
#333=DIRECTION('',(0.,0.,-1.));
#334=DIRECTION('',(-1.,0.,0.));
#335=DIRECTION('',(0.,0.,-1.));
#336=DIRECTION('',(-1.,0.,0.));
#337=DIRECTION('',(0.,0.,-1.));
#338=DIRECTION('',(-1.,0.,0.));
#339=DIRECTION('',(0.,0.,1.));
#340=DIRECTION('',(1.,0.,0.));
#341=DIRECTION('',(0.,0.,-1.));
#342=DIRECTION('',(-1.,0.,0.));
#343=DIRECTION('',(0.,0.,1.));
#344=DIRECTION('',(1.,0.,0.));
#345=DIRECTION('',(0.,0.,-1.));
#346=DIRECTION('',(-1.,0.,0.));
#347=DIRECTION('',(0.,0.,-1.));
#348=DIRECTION('',(-1.,0.,0.));
#349=DIRECTION('',(0.,0.,-1.));
#350=DIRECTION('',(-1.,0.,0.));
#351=DIRECTION('',(0.,0.,-1.));
#352=DIRECTION('',(-1.,0.,0.));
#353=DIRECTION('',(0.,0.,-1.));
#354=DIRECTION('',(-1.,0.,0.));
#355=DIRECTION('',(0.,0.,-1.));
#356=DIRECTION('',(-1.,0.,0.));
#357=DIRECTION('',(0.,0.,-1.));
#358=DIRECTION('',(-1.,0.,0.));
#359=DIRECTION('',(0.,0.,-1.));
#360=DIRECTION('',(-1.,0.,0.));
#361=DIRECTION('',(0.,0.,1.));
#362=DIRECTION('',(1.,0.,0.));
#363=DIRECTION('',(0.,0.,-1.));
#364=DIRECTION('',(-1.,0.,0.));
#365=DIRECTION('',(0.,0.,1.));
#366=DIRECTION('',(1.,0.,0.));
#367=DIRECTION('',(0.,0.,-1.));
#368=DIRECTION('',(-1.,0.,0.));
#369=DIRECTION('',(0.,0.,-1.));
#370=DIRECTION('',(-1.,0.,0.));
#371=DIRECTION('',(0.,0.,-1.));
#372=DIRECTION('',(-1.,0.,0.));
#373=DIRECTION('',(0.,0.,-1.));
#374=DIRECTION('',(-1.,0.,0.));
#375=DIRECTION('',(0.,0.,-1.));
#376=DIRECTION('',(-1.,0.,0.));
#377=DIRECTION('',(0.,0.,1.));
#378=DIRECTION('',(1.,0.,0.));
#379=CARTESIAN_POINT('',(0.,0.,0.));
#380=CARTESIAN_POINT('',(0.02475,0.,0.005));
#381=CARTESIAN_POINT('',(0.0129791309453693,-0.0192900145127721,0.005));
#382=CARTESIAN_POINT('',(0.0108066022950431,-0.0207927843366696,0.005));
#383=CARTESIAN_POINT('',(0.00716492152010617,-0.0224463388102729,0.00499999999998674));
#384=CARTESIAN_POINT('',(0.00193799266712004,-0.0233203391615618,0.00500000000002211));
#385=CARTESIAN_POINT('',(-0.000683375541905603,-0.0232963120034251,0.00499999999991204));
#386=CARTESIAN_POINT('',(-0.00199782272134756,-0.023164006656365,0.00499999999991204));
#387=CARTESIAN_POINT('',(0.0129791309453693,-0.0192900145127721,0.005));
#388=CARTESIAN_POINT('',(-0.00199782272135894,-0.0231640066563196,0.005));
#389=CARTESIAN_POINT('',(0.,0.,0.005));
#390=CARTESIAN_POINT('',(0.,0.,0.005));
#391=CARTESIAN_POINT('',(-0.02625,0.,0.005));
#392=CARTESIAN_POINT('',(0.,0.,-0.01));
#393=CARTESIAN_POINT('',(0.,0.,0.0086));
#394=CARTESIAN_POINT('',(-0.02625,0.,0.0086));
#395=CARTESIAN_POINT('',(0.013125,0.,0.0096));
#396=CARTESIAN_POINT('',(0.,0.,0.0096));
#397=CARTESIAN_POINT('',(-0.02525,0.,0.0096));
#398=CARTESIAN_POINT('',(0.,0.,0.0064142135623731));
#399=CARTESIAN_POINT('',(-0.00199782272135895,-0.0231640066563197,0.005));
#400=CARTESIAN_POINT('',(-0.00514618403994414,-0.022737134845187,0.00510943256616262));
#401=CARTESIAN_POINT('',(-0.00972671982990035,-0.0211154261239717,0.00526836641085528));
#402=CARTESIAN_POINT('',(-0.0147558926872416,-0.0173293203586476,0.00546213472911023));
#403=CARTESIAN_POINT('',(-0.0168414555929591,-0.01491122961415,0.00557425207657846));
#404=CARTESIAN_POINT('',(-0.0177438030939626,-0.0136024496230933,0.00563091287984343));
#405=CARTESIAN_POINT('',(-0.0177438030939626,-0.0136024496230933,0.00563091287984344));
#406=CARTESIAN_POINT('',(-0.0177438030939626,-0.0136024496230933,0.00563091287984344));
#407=CARTESIAN_POINT('',(-0.019149488229186,-0.0118013120355635,0.00561692375953469));
#408=CARTESIAN_POINT('',(-0.0214014220693889,-0.00775351749603749,0.00558833652282885));
#409=CARTESIAN_POINT('',(-0.0225590458161406,-0.0021971013739864,0.00555539009064559));
#410=CARTESIAN_POINT('',(-0.0224598575154569,0.0023872542393804,0.00553119699443261));
#411=CARTESIAN_POINT('',(-0.0218669928615252,0.00575392877985312,0.00551131945516445));
#412=CARTESIAN_POINT('',(-0.020794105995008,0.00895551054565201,0.00549105072469961));
#413=CARTESIAN_POINT('',(-0.0192286625712321,0.0120135520854799,0.00547003593233716));
#414=CARTESIAN_POINT('',(-0.017214766706444,0.0147948940648804,0.00544922632070685));
#415=CARTESIAN_POINT('',(-0.01406630048275,0.0180074134206924,0.00542253066471136));
#416=CARTESIAN_POINT('',(-0.00918068677223336,0.0211310359740379,0.00539263671822237));
#417=CARTESIAN_POINT('',(-0.00370237015937875,0.0226394730035347,0.00535926574079815));
#418=CARTESIAN_POINT('',(0.000856202880067559,0.0228487655318723,0.00533161681888809));
#419=CARTESIAN_POINT('',(0.00533459092859698,0.0223896089010676,0.00530449310604438));
#420=CARTESIAN_POINT('',(0.00974339640548874,0.0208933604150301,0.00527806517167994));
#421=CARTESIAN_POINT('',(0.0135732977912067,0.0185337244203361,0.00525471381410703));
#422=CARTESIAN_POINT('',(0.016195695581853,0.0163358930199289,0.00523515081732096));
#423=CARTESIAN_POINT('',(0.0184700157681612,0.0137573645253868,0.00521485993898928));
#424=CARTESIAN_POINT('',(0.0203129278812054,0.0109103454603716,0.00519447527320837));
#425=CARTESIAN_POINT('',(0.0217218416715333,0.00782383774304099,0.00517421286074075));
#426=CARTESIAN_POINT('',(0.0226713086342455,0.00451966933003698,0.00515423655171053));
#427=CARTESIAN_POINT('',(0.023113384314748,0.0011268272425317,0.00513539523607071));
#428=CARTESIAN_POINT('',(0.0230577376649231,-0.00224377871543588,0.00511808184536727));
#429=CARTESIAN_POINT('',(0.0224985344609906,-0.00563764416156737,0.00509867703340841));
#430=CARTESIAN_POINT('',(0.0214679343085837,-0.00884900381831777,0.00507898883703509));
#431=CARTESIAN_POINT('',(0.0199655672968037,-0.0119179495218782,0.00505864132172509));
#432=CARTESIAN_POINT('',(0.0173613703913543,-0.015689320490718,0.00503145591701639));
#433=CARTESIAN_POINT('',(0.0148645411108736,-0.018000662784522,0.00501218438128048));
#434=CARTESIAN_POINT('',(0.0129791309453693,-0.0192900145127721,0.00500000000000001));
#435=CARTESIAN_POINT('',(0.011587275836716,-0.0201568236258558,0.0049792595408095));
#436=CARTESIAN_POINT('',(0.0116061480923445,-0.0201459747919478,0.00497953011078267));
#437=CARTESIAN_POINT('',(0.011625,-0.0201350906379882,0.00497980038902863));
#438=CARTESIAN_POINT('',(0.02325,-0.0134233937586588,0.00514646705569529));
#439=CARTESIAN_POINT('',(0.02325,-2.8473038080176E-18,0.00531313372236196));
#440=CARTESIAN_POINT('',(0.02325,0.0134233937586588,0.00547980038902862));
#441=CARTESIAN_POINT('',(0.011625,0.0201350906379882,0.00564646705569529));
#442=CARTESIAN_POINT('',(4.93167486007082E-18,0.0268467875173176,0.00581313372236195));
#443=CARTESIAN_POINT('',(-0.011625,0.0201350906379882,0.00597980038902863));
#444=CARTESIAN_POINT('',(-0.02325,0.0134233937586588,0.0061464670556953));
#445=CARTESIAN_POINT('',(-0.02325,1.54074395550979E-33,0.00631313372236196));
#446=CARTESIAN_POINT('',(-0.02325,-0.0134233937586588,0.00647980038902863));
#447=CARTESIAN_POINT('',(-0.011625,-0.0201350906379882,0.00664646705569529));
#448=CARTESIAN_POINT('',(-1.64389162002361E-18,-0.0268467875173176,0.00681313372236196));
#449=CARTESIAN_POINT('',(0.011625,-0.0201350906379882,0.00697980038902863));
#450=CARTESIAN_POINT('',(0.02325,-0.0134233937586588,0.00714646705569529));
#451=CARTESIAN_POINT('',(0.02325,-2.8473038080176E-18,0.00731313372236196));
#452=CARTESIAN_POINT('',(0.02325,0.0134233937586588,0.00747980038902863));
#453=CARTESIAN_POINT('',(0.011625,0.0201350906379882,0.00764646705569529));
#454=CARTESIAN_POINT('',(4.93167486007082E-18,0.0268467875173176,0.00781313372236196));
#455=CARTESIAN_POINT('',(-0.011625,0.0201350906379882,0.00797980038902862));
#456=CARTESIAN_POINT('',(-0.02325,0.0134233937586588,0.00814646705569529));
#457=CARTESIAN_POINT('',(-0.02325,1.54074395550979E-33,0.00831313372236196));
#458=CARTESIAN_POINT('',(-0.02325,-0.0134233937586588,0.00847980038902863));
#459=CARTESIAN_POINT('',(-0.011625,-0.0201350906379882,0.00864646705569529));
#460=CARTESIAN_POINT('',(-0.00267243168116002,-0.025303858366809,0.00877481928965716));
#461=CARTESIAN_POINT('',(0.00716236239069557,-0.0221192916926458,0.00891581992151172));
#462=CARTESIAN_POINT('',(0.0111426007692932,-0.0193832822835106,0.00408701398945904));
#463=CARTESIAN_POINT('',(0.011160748780357,-0.0193728497861098,0.00408728455943221));
#464=CARTESIAN_POINT('',(0.0111788772243248,-0.019362383324105,0.00408755483767817));
#465=CARTESIAN_POINT('',(0.0223577544486495,-0.0129082555494034,0.00425422150434484));
#466=CARTESIAN_POINT('',(0.0223577544486495,-2.73803524216612E-18,0.0044208881710115));
#467=CARTESIAN_POINT('',(0.0223577544486495,0.0129082555494033,0.00458755483767817));
#468=CARTESIAN_POINT('',(0.0111788772243248,0.019362383324105,0.00475422150434484));
#469=CARTESIAN_POINT('',(4.74241615234587E-18,0.0258165110988067,0.0049208881710115));
#470=CARTESIAN_POINT('',(-0.0111788772243248,0.019362383324105,0.00508755483767817));
#471=CARTESIAN_POINT('',(-0.0223577544486495,0.0129082555494034,0.00525422150434484));
#472=CARTESIAN_POINT('',(-0.0223577544486495,1.54074395550979E-33,0.00542088817101151));
#473=CARTESIAN_POINT('',(-0.0223577544486495,-0.0129082555494033,0.00558755483767817));
#474=CARTESIAN_POINT('',(-0.0111788772243248,-0.019362383324105,0.00575422150434484));
#475=CARTESIAN_POINT('',(-1.58080538411529E-18,-0.0258165110988067,0.00592088817101151));
#476=CARTESIAN_POINT('',(0.0111788772243248,-0.019362383324105,0.00608755483767817));
#477=CARTESIAN_POINT('',(0.0223577544486495,-0.0129082555494034,0.00625422150434484));
#478=CARTESIAN_POINT('',(0.0223577544486495,-2.73803524216612E-18,0.00642088817101151));
#479=CARTESIAN_POINT('',(0.0223577544486495,0.0129082555494033,0.00658755483767817));
#480=CARTESIAN_POINT('',(0.0111788772243248,0.019362383324105,0.00675422150434484));
#481=CARTESIAN_POINT('',(4.74241615234587E-18,0.0258165110988067,0.0069208881710115));
#482=CARTESIAN_POINT('',(-0.0111788772243248,0.019362383324105,0.00708755483767817));
#483=CARTESIAN_POINT('',(-0.0223577544486495,0.0129082555494034,0.00725422150434484));
#484=CARTESIAN_POINT('',(-0.0223577544486495,1.54074395550979E-33,0.00742088817101151));
#485=CARTESIAN_POINT('',(-0.0223577544486495,-0.0129082555494033,0.00758755483767817));
#486=CARTESIAN_POINT('',(-0.0111788772243248,-0.019362383324105,0.00775422150434484));
#487=CARTESIAN_POINT('',(-0.00256987403475989,-0.0243327936330547,0.0078825737383067));
#488=CARTESIAN_POINT('',(0.00688749847756619,-0.0212704383760098,0.00802357437016126));
#489=CARTESIAN_POINT('',(-0.02325,1.54074395550979E-33,0.00231313372236196));
#490=CARTESIAN_POINT('',(-0.02325,-0.0134233937586588,0.00247980038902863));
#491=CARTESIAN_POINT('',(-0.011625,-0.0201350906379882,0.00264646705569529));
#492=CARTESIAN_POINT('',(-1.64389162002361E-18,-0.0268467875173176,0.00281313372236196));
#493=CARTESIAN_POINT('',(0.011625,-0.0201350906379882,0.00297980038902863));
#494=CARTESIAN_POINT('',(0.02325,-0.0134233937586588,0.00314646705569529));
#495=CARTESIAN_POINT('',(0.02325,-2.8473038080176E-18,0.00331313372236196));
#496=CARTESIAN_POINT('',(0.02325,0.0134233937586588,0.00347980038902862));
#497=CARTESIAN_POINT('',(0.011625,0.0201350906379882,0.00364646705569529));
#498=CARTESIAN_POINT('',(4.93167486007082E-18,0.0268467875173176,0.00381313372236196));
#499=CARTESIAN_POINT('',(-0.011625,0.0201350906379882,0.00397980038902862));
#500=CARTESIAN_POINT('',(-0.02325,0.0134233937586588,0.00414646705569529));
#501=CARTESIAN_POINT('',(-0.02325,5.69460761603519E-18,0.00431313372236196));
#502=CARTESIAN_POINT('',(-0.02325,-0.0134233937586588,0.00447980038902862));
#503=CARTESIAN_POINT('',(-0.011625,-0.0201350906379882,0.00464646705569529));
#504=CARTESIAN_POINT('',(-3.20641954112742E-17,-0.0268467875173176,0.00481313372236196));
#505=CARTESIAN_POINT('',(0.011625,-0.0201350906379882,0.00497980038902863));
#506=CARTESIAN_POINT('',(0.02325,-0.0134233937586588,0.00514646705569529));
#507=CARTESIAN_POINT('',(0.02325,-8.54191142405279E-18,0.00531313372236196));
#508=CARTESIAN_POINT('',(0.02325,0.0134233937586588,0.00547980038902862));
#509=CARTESIAN_POINT('',(0.011625,0.0201350906379882,0.00564646705569529));
#510=CARTESIAN_POINT('',(1.15072413401652E-17,0.0268467875173176,0.00581313372236195));
#511=CARTESIAN_POINT('',(-0.011625,0.0201350906379882,0.00597980038902863));
#512=CARTESIAN_POINT('',(-0.02325,0.0134233937586588,0.0061464670556953));
#513=CARTESIAN_POINT('',(-0.02325,1.13892152320704E-17,0.00631313372236196));
#514=CARTESIAN_POINT('',(-0.02325,-0.0134233937586588,0.00647980038902863));
#515=CARTESIAN_POINT('',(-0.011625,-0.0201350906379882,0.00664646705569529));
#516=CARTESIAN_POINT('',(-6.24844992025248E-17,-0.0268467875173176,0.00681313372236196));
#517=CARTESIAN_POINT('',(0.011625,-0.0201350906379882,0.00697980038902863));
#518=CARTESIAN_POINT('',(0.02325,-0.0134233937586588,0.00714646705569529));
#519=CARTESIAN_POINT('',(0.02325,-5.55368155561438E-17,0.00731313372236196));
#520=CARTESIAN_POINT('',(0.02325,0.0134233937586588,0.00747980038902863));
#521=CARTESIAN_POINT('',(0.011625,0.0201350906379882,0.00764646705569529));
#522=CARTESIAN_POINT('',(6.5772282442572E-17,0.0268467875173176,0.00781313372236196));
#523=CARTESIAN_POINT('',(-0.011625,0.0201350906379883,0.00797980038902862));
#524=CARTESIAN_POINT('',(-0.0232499999999999,0.0134233937586588,0.00814646705569529));
#525=CARTESIAN_POINT('',(-0.02325,1.70838228481056E-17,0.00831313372236196));
#526=CARTESIAN_POINT('',(-0.02325,-0.0134233937586588,0.00847980038902863));
#527=CARTESIAN_POINT('',(-0.011625,-0.0201350906379882,0.00864646705569529));
#528=CARTESIAN_POINT('',(-6.90600656826192E-17,-0.0268467875173176,0.00881313372236196));
#529=CARTESIAN_POINT('',(0.011625,-0.0201350906379883,0.00897980038902863));
#530=CARTESIAN_POINT('',(0.0232499999999999,-0.0134233937586588,0.00914646705569529));
#531=CARTESIAN_POINT('',(0.02325,-1.99311266561232E-17,0.00931313372236196));
#532=CARTESIAN_POINT('',(0.02325,0.0134233937586588,0.00947980038902862));
#533=CARTESIAN_POINT('',(0.011625,0.0201350906379882,0.00964646705569529));
#534=CARTESIAN_POINT('',(7.23478489226664E-17,0.0268467875173176,0.00981313372236196));
#535=CARTESIAN_POINT('',(-0.011625,0.0201350906379883,0.00997980038902863));
#536=CARTESIAN_POINT('',(-0.0232499999999999,0.0134233937586588,0.0101464670556953));
#537=CARTESIAN_POINT('',(-0.02325,2.27784304641407E-17,0.010313133722362));
#538=CARTESIAN_POINT('',(-0.0129791309453688,0.0192900145127724,0.008));
#539=CARTESIAN_POINT('',(-0.0129791309453688,0.0192900145127724,0.00799999999999998));
#540=CARTESIAN_POINT('',(-0.014077163663568,0.0185304892313387,0.00799999999999998));
#541=CARTESIAN_POINT('',(-0.016142611181527,0.0168144895631312,0.00800000000000002));
#542=CARTESIAN_POINT('',(-0.0195622363645407,0.0128179904775752,0.00799999999999999));
#543=CARTESIAN_POINT('',(-0.0219296517916518,0.00790470469656995,0.00800000000000001));
#544=CARTESIAN_POINT('',(-0.0229214322073796,0.00273593036848084,0.00799999999999999));
#545=CARTESIAN_POINT('',(-0.0230043505662418,-0.00127362423632785,0.008));
#546=CARTESIAN_POINT('',(-0.0223749373409763,-0.00524170861510623,0.00800000000000001));
#547=CARTESIAN_POINT('',(-0.0206730516120633,-0.0102198674751568,0.00799999999999999));
#548=CARTESIAN_POINT('',(-0.0176264225917648,-0.0147475627101346,0.008));
#549=CARTESIAN_POINT('',(-0.0136569646303987,-0.0181991715017952,0.00799999999999999));
#550=CARTESIAN_POINT('',(-0.010212267569492,-0.0202810834791974,0.008));
#551=CARTESIAN_POINT('',(-0.00647344164717417,-0.0217032616199582,0.008));
#552=CARTESIAN_POINT('',(-0.00258670867565313,-0.0224442112257281,0.00800000000000001));
#553=CARTESIAN_POINT('',(0.00142509137384728,-0.0224877394150783,0.008));
#554=CARTESIAN_POINT('',(0.00401823542407725,-0.0220534739019506,0.008));
#555=CARTESIAN_POINT('',(0.00530628853952431,-0.0217189430203549,0.008));
#556=CARTESIAN_POINT('',(0.00530628853952431,-0.0217189430203549,0.008));
#557=CARTESIAN_POINT('',(-0.0223577544486495,7.70371977754894E-34,0.00342088817101151));
#558=CARTESIAN_POINT('',(-0.0223577544486495,-0.0129082555494033,0.00358755483767817));
#559=CARTESIAN_POINT('',(-0.0111788772243248,-0.019362383324105,0.00375422150434484));
#560=CARTESIAN_POINT('',(-1.58080538411529E-18,-0.0258165110988067,0.00392088817101151));
#561=CARTESIAN_POINT('',(0.0111788772243248,-0.019362383324105,0.00408755483767818));
#562=CARTESIAN_POINT('',(0.0223577544486495,-0.0129082555494034,0.00425422150434484));
#563=CARTESIAN_POINT('',(0.0223577544486495,-2.73803524216612E-18,0.0044208881710115));
#564=CARTESIAN_POINT('',(0.0223577544486495,0.0129082555494033,0.00458755483767817));
#565=CARTESIAN_POINT('',(0.0111788772243248,0.019362383324105,0.00475422150434484));
#566=CARTESIAN_POINT('',(4.74241615234587E-18,0.0258165110988067,0.0049208881710115));
#567=CARTESIAN_POINT('',(-0.0111788772243248,0.019362383324105,0.00508755483767817));
#568=CARTESIAN_POINT('',(-0.0223577544486495,0.0129082555494034,0.00525422150434484));
#569=CARTESIAN_POINT('',(-0.0223577544486495,5.47607048433223E-18,0.00542088817101151));
#570=CARTESIAN_POINT('',(-0.0223577544486495,-0.0129082555494033,0.00558755483767817));
#571=CARTESIAN_POINT('',(-0.0111788772243248,-0.019362383324105,0.00575422150434484));
#572=CARTESIAN_POINT('',(-3.08336949504854E-17,-0.0258165110988067,0.00592088817101151));
#573=CARTESIAN_POINT('',(0.0111788772243248,-0.019362383324105,0.00608755483767817));
#574=CARTESIAN_POINT('',(0.0223577544486495,-0.0129082555494034,0.00625422150434484));
#575=CARTESIAN_POINT('',(0.0223577544486495,-8.21410572649835E-18,0.00642088817101151));
#576=CARTESIAN_POINT('',(0.0223577544486495,0.0129082555494033,0.00658755483767817));
#577=CARTESIAN_POINT('',(0.0111788772243248,0.019362383324105,0.00675422150434484));
#578=CARTESIAN_POINT('',(1.1065637688807E-17,0.0258165110988067,0.0069208881710115));
#579=CARTESIAN_POINT('',(-0.0111788772243248,0.019362383324105,0.00708755483767817));
#580=CARTESIAN_POINT('',(-0.0223577544486495,0.0129082555494034,0.00725422150434484));
#581=CARTESIAN_POINT('',(-0.0223577544486495,1.09521409686645E-17,0.00742088817101151));
#582=CARTESIAN_POINT('',(-0.0223577544486495,-0.0129082555494033,0.00758755483767817));
#583=CARTESIAN_POINT('',(-0.0111788772243248,-0.019362383324105,0.00775422150434484));
#584=CARTESIAN_POINT('',(-6.00865845168554E-17,-0.0258165110988067,0.0079208881710115));
#585=CARTESIAN_POINT('',(0.0111788772243247,-0.019362383324105,0.00808755483767817));
#586=CARTESIAN_POINT('',(0.0223577544486495,-0.0129082555494034,0.00825422150434484));
#587=CARTESIAN_POINT('',(0.0223577544486495,-5.34055262393206E-17,0.00842088817101151));
#588=CARTESIAN_POINT('',(0.0223577544486495,0.0129082555494033,0.00858755483767817));
#589=CARTESIAN_POINT('',(0.0111788772243248,0.019362383324105,0.00875422150434484));
#590=CARTESIAN_POINT('',(6.32481952850861E-17,0.0258165110988067,0.0089208881710115));
#591=CARTESIAN_POINT('',(-0.0111788772243247,0.0193623833241051,0.00908755483767817));
#592=CARTESIAN_POINT('',(-0.0223577544486495,0.0129082555494034,0.00925422150434483));
#593=CARTESIAN_POINT('',(-0.0223577544486495,1.64282114529967E-17,0.00942088817101151));
#594=CARTESIAN_POINT('',(-0.0223577544486495,-0.0129082555494033,0.00958755483767817));
#595=CARTESIAN_POINT('',(-0.0111788772243248,-0.019362383324105,0.00975422150434484));
#596=CARTESIAN_POINT('',(-6.64098060533166E-17,-0.0258165110988067,0.0099208881710115));
#597=CARTESIAN_POINT('',(0.0111788772243247,-0.0193623833241051,0.0100875548376782));
#598=CARTESIAN_POINT('',(0.0223577544486495,-0.0129082555494034,0.0102542215043448));
#599=CARTESIAN_POINT('',(0.0223577544486495,-1.91662466951628E-17,0.0104208881710115));
#600=CARTESIAN_POINT('',(0.0223577544486495,0.0129082555494033,0.0105875548376782));
#601=CARTESIAN_POINT('',(0.0111788772243248,0.019362383324105,0.0107542215043448));
#602=CARTESIAN_POINT('',(6.95714168215472E-17,0.0258165110988067,0.0109208881710115));
#603=CARTESIAN_POINT('',(-0.0111788772243247,0.0193623833241051,0.0110875548376782));
#604=CARTESIAN_POINT('',(-0.0223577544486495,0.0129082555494034,0.0112542215043448));
#605=CARTESIAN_POINT('',(-0.0223577544486495,2.19042819373289E-17,0.0114208881710115));
#606=CARTESIAN_POINT('',(0.0223577544486495,-5.34055262393206E-17,0.00642088817101151));
#607=CARTESIAN_POINT('',(-0.0223577544486495,2.31111593326469E-33,0.0014208881710115));
#608=CARTESIAN_POINT('',(-0.0223577544486495,-0.0129082555494033,0.00158755483767817));
#609=CARTESIAN_POINT('',(-0.0111788772243248,-0.019362383324105,0.00175422150434484));
#610=CARTESIAN_POINT('',(-1.58080538411529E-18,-0.0258165110988067,0.0019208881710115));
#611=CARTESIAN_POINT('',(0.0111788772243248,-0.019362383324105,0.00208755483767817));
#612=CARTESIAN_POINT('',(0.0223577544486495,-0.0129082555494034,0.00225422150434484));
#613=CARTESIAN_POINT('',(0.0223577544486495,-2.73803524216612E-18,0.00242088817101151));
#614=CARTESIAN_POINT('',(0.0223577544486495,0.0129082555494033,0.00258755483767818));
#615=CARTESIAN_POINT('',(0.0111788772243248,0.019362383324105,0.00275422150434484));
#616=CARTESIAN_POINT('',(4.74241615234587E-18,0.0258165110988067,0.00292088817101151));
#617=CARTESIAN_POINT('',(-0.0111788772243248,0.019362383324105,0.00308755483767817));
#618=CARTESIAN_POINT('',(-0.0223577544486495,0.0129082555494034,0.00325422150434484));
#619=CARTESIAN_POINT('',(-0.0223577544486495,5.47607048433224E-18,0.00342088817101151));
#620=CARTESIAN_POINT('',(-0.0223577544486495,-0.0129082555494033,0.00358755483767817));
#621=CARTESIAN_POINT('',(-0.0111788772243248,-0.019362383324105,0.00375422150434484));
#622=CARTESIAN_POINT('',(-3.08336949504854E-17,-0.0258165110988067,0.00392088817101151));
#623=CARTESIAN_POINT('',(0.0111788772243248,-0.019362383324105,0.00408755483767818));
#624=CARTESIAN_POINT('',(0.0223577544486495,-0.0129082555494034,0.00425422150434484));
#625=CARTESIAN_POINT('',(0.0223577544486495,-8.21410572649835E-18,0.0044208881710115));
#626=CARTESIAN_POINT('',(0.0223577544486495,0.0129082555494033,0.00458755483767817));
#627=CARTESIAN_POINT('',(0.0111788772243248,0.019362383324105,0.00475422150434484));
#628=CARTESIAN_POINT('',(1.1065637688807E-17,0.0258165110988067,0.0049208881710115));
#629=CARTESIAN_POINT('',(-0.0111788772243248,0.019362383324105,0.00508755483767817));
#630=CARTESIAN_POINT('',(-0.0223577544486495,0.0129082555494034,0.00525422150434484));
#631=CARTESIAN_POINT('',(-0.0223577544486495,1.09521409686645E-17,0.00542088817101151));
#632=CARTESIAN_POINT('',(-0.0223577544486495,-0.0129082555494033,0.00558755483767817));
#633=CARTESIAN_POINT('',(-0.0111788772243248,-0.019362383324105,0.00575422150434484));
#634=CARTESIAN_POINT('',(-6.00865845168554E-17,-0.0258165110988067,0.00592088817101151));
#635=CARTESIAN_POINT('',(0.0111788772243247,-0.019362383324105,0.00608755483767817));
#636=CARTESIAN_POINT('',(0.0223577544486495,-0.0129082555494034,0.00625422150434484));
#637=CARTESIAN_POINT('',(0.0223577544486495,-5.34055262393206E-17,0.00642088817101151));
#638=CARTESIAN_POINT('',(0.0223577544486495,0.0129082555494033,0.00658755483767817));
#639=CARTESIAN_POINT('',(0.0111788772243248,0.019362383324105,0.00675422150434484));
#640=CARTESIAN_POINT('',(6.32481952850861E-17,0.0258165110988067,0.0069208881710115));
#641=CARTESIAN_POINT('',(-0.0111788772243247,0.0193623833241051,0.00708755483767817));
#642=CARTESIAN_POINT('',(-0.0223577544486495,0.0129082555494034,0.00725422150434484));
#643=CARTESIAN_POINT('',(-0.0223577544486495,1.64282114529967E-17,0.00742088817101151));
#644=CARTESIAN_POINT('',(-0.0223577544486495,-0.0129082555494033,0.00758755483767817));
#645=CARTESIAN_POINT('',(-0.0111788772243248,-0.019362383324105,0.00775422150434484));
#646=CARTESIAN_POINT('',(-6.64098060533166E-17,-0.0258165110988067,0.0079208881710115));
#647=CARTESIAN_POINT('',(0.0111788772243247,-0.0193623833241051,0.00808755483767817));
#648=CARTESIAN_POINT('',(0.0223577544486495,-0.0129082555494034,0.00825422150434484));
#649=CARTESIAN_POINT('',(0.0223577544486495,-1.91662466951628E-17,0.00842088817101151));
#650=CARTESIAN_POINT('',(0.0223577544486495,0.0129082555494033,0.00858755483767817));
#651=CARTESIAN_POINT('',(0.0111788772243248,0.019362383324105,0.00875422150434484));
#652=CARTESIAN_POINT('',(6.95714168215472E-17,0.0258165110988067,0.0089208881710115));
#653=CARTESIAN_POINT('',(-0.0111788772243247,0.0193623833241051,0.00908755483767817));
#654=CARTESIAN_POINT('',(-0.0223577544486495,0.0129082555494034,0.00925422150434483));
#655=CARTESIAN_POINT('',(-0.0223577544486495,2.19042819373289E-17,0.00942088817101151));
#656=CARTESIAN_POINT('',(-0.0034253181805247,-0.0229962974272418,0.00497953411528077));
#657=CARTESIAN_POINT('',(0.00459903737071659,-0.0241915320533212,0.0050945786393129));
#658=CARTESIAN_POINT('',(0.011625,-0.0201350906379882,0.00519530928632772));
#659=CARTESIAN_POINT('',(0.02325,-0.0134233937586588,0.00536197595299438));
#660=CARTESIAN_POINT('',(0.02325,-2.8473038080176E-18,0.00552864261966105));
#661=CARTESIAN_POINT('',(0.02325,0.0134233937586588,0.00569530928632772));
#662=CARTESIAN_POINT('',(0.011625,0.0201350906379882,0.00586197595299439));
#663=CARTESIAN_POINT('',(4.93167486007082E-18,0.0268467875173176,0.00602864261966105));
#664=CARTESIAN_POINT('',(-0.011625,0.0201350906379882,0.00619530928632772));
#665=CARTESIAN_POINT('',(-0.02325,0.0134233937586588,0.00636197595299438));
#666=CARTESIAN_POINT('',(-0.02325,1.54074395550979E-33,0.00652864261966105));
#667=CARTESIAN_POINT('',(-0.02325,-0.0134233937586588,0.00669530928632772));
#668=CARTESIAN_POINT('',(-0.011625,-0.0201350906379882,0.00686197595299439));
#669=CARTESIAN_POINT('',(-1.64389162002361E-18,-0.0268467875173176,0.00702864261966105));
#670=CARTESIAN_POINT('',(0.011625,-0.0201350906379882,0.00719530928632772));
#671=CARTESIAN_POINT('',(0.02325,-0.0134233937586588,0.00736197595299438));
#672=CARTESIAN_POINT('',(0.02325,-2.8473038080176E-18,0.00752864261966105));
#673=CARTESIAN_POINT('',(0.02325,0.0134233937586588,0.00769530928632771));
#674=CARTESIAN_POINT('',(0.011625,0.0201350906379882,0.00786197595299439));
#675=CARTESIAN_POINT('',(4.93167486007082E-18,0.0268467875173176,0.00802864261966105));
#676=CARTESIAN_POINT('',(-0.011625,0.0201350906379882,0.00819530928632772));
#677=CARTESIAN_POINT('',(-0.0129148515452959,0.019390394501097,0.00821380178160078));
#678=CARTESIAN_POINT('',(-0.0140991397466408,0.0184872052621453,0.00823350542211733));
#679=CARTESIAN_POINT('',(-0.00343461752817855,-0.023058729748345,0.0049164130206679));
#680=CARTESIAN_POINT('',(0.0046115232319211,-0.0242572092999263,0.00503145754470003));
#681=CARTESIAN_POINT('',(0.0116565605473064,-0.0201897551094376,0.00513218819171485));
#682=CARTESIAN_POINT('',(0.0233131210946129,-0.0134598367396251,0.00529885485838152));
#683=CARTESIAN_POINT('',(0.0233131210946128,-2.85503391266523E-18,0.00546552152504818));
#684=CARTESIAN_POINT('',(0.0233131210946129,0.0134598367396251,0.00563218819171485));
#685=CARTESIAN_POINT('',(0.0116565605473064,0.0201897551094376,0.00579885485838151));
#686=CARTESIAN_POINT('',(4.94506379406834E-18,0.0269196734792501,0.00596552152504818));
#687=CARTESIAN_POINT('',(-0.0116565605473064,0.0201897551094376,0.00613218819171484));
#688=CARTESIAN_POINT('',(-0.0233131210946129,0.0134598367396251,0.00629885485838152));
#689=CARTESIAN_POINT('',(-0.0233131210946128,1.54074395550979E-33,0.00646552152504818));
#690=CARTESIAN_POINT('',(-0.0233131210946129,-0.0134598367396251,0.00663218819171484));
#691=CARTESIAN_POINT('',(-0.0116565605473064,-0.0201897551094376,0.00679885485838151));
#692=CARTESIAN_POINT('',(-1.64835459802278E-18,-0.0269196734792501,0.00696552152504819));
#693=CARTESIAN_POINT('',(0.0116565605473064,-0.0201897551094376,0.00713218819171484));
#694=CARTESIAN_POINT('',(0.0233131210946129,-0.0134598367396251,0.00729885485838152));
#695=CARTESIAN_POINT('',(0.0233131210946128,-2.85503391266523E-18,0.00746552152504819));
#696=CARTESIAN_POINT('',(0.0233131210946129,0.0134598367396251,0.00763218819171484));
#697=CARTESIAN_POINT('',(0.0116565605473064,0.0201897551094376,0.00779885485838152));
#698=CARTESIAN_POINT('',(4.94506379406834E-18,0.0269196734792501,0.00796552152504819));
#699=CARTESIAN_POINT('',(-0.0116565605473064,0.0201897551094376,0.00813218819171485));
#700=CARTESIAN_POINT('',(-0.0129499138922336,0.0194430372075866,0.00815068068698791));
#701=CARTESIAN_POINT('',(-0.0141374173007874,0.0185373959130046,0.00817038432750446));
#702=CARTESIAN_POINT('',(-0.00343461752817855,-0.023058729748345,0.00482714631259455));
#703=CARTESIAN_POINT('',(0.0046115232319211,-0.0242572092999263,0.00494219083662668));
#704=CARTESIAN_POINT('',(0.0116565605473064,-0.0201897551094376,0.00504292148364149));
#705=CARTESIAN_POINT('',(0.0233131210946129,-0.0134598367396251,0.00520958815030816));
#706=CARTESIAN_POINT('',(0.0233131210946128,-2.85503391266523E-18,0.00537625481697483));
#707=CARTESIAN_POINT('',(0.0233131210946129,0.0134598367396251,0.00554292148364149));
#708=CARTESIAN_POINT('',(0.0116565605473064,0.0201897551094376,0.00570958815030817));
#709=CARTESIAN_POINT('',(4.94506379406834E-18,0.0269196734792501,0.00587625481697483));
#710=CARTESIAN_POINT('',(-0.0116565605473064,0.0201897551094376,0.00604292148364149));
#711=CARTESIAN_POINT('',(-0.0233131210946129,0.0134598367396251,0.00620958815030816));
#712=CARTESIAN_POINT('',(-0.0233131210946128,1.54074395550979E-33,0.00637625481697483));
#713=CARTESIAN_POINT('',(-0.0233131210946129,-0.0134598367396251,0.0065429214836415));
#714=CARTESIAN_POINT('',(-0.0116565605473064,-0.0201897551094376,0.00670958815030817));
#715=CARTESIAN_POINT('',(-1.64835459802278E-18,-0.0269196734792501,0.00687625481697483));
#716=CARTESIAN_POINT('',(0.0116565605473064,-0.0201897551094376,0.0070429214836415));
#717=CARTESIAN_POINT('',(0.0233131210946129,-0.0134598367396251,0.00720958815030816));
#718=CARTESIAN_POINT('',(0.0233131210946128,-2.85503391266523E-18,0.00737625481697483));
#719=CARTESIAN_POINT('',(0.0233131210946129,0.0134598367396251,0.0075429214836415));
#720=CARTESIAN_POINT('',(0.0116565605473064,0.0201897551094376,0.00770958815030816));
#721=CARTESIAN_POINT('',(4.94506379406834E-18,0.0269196734792501,0.00787625481697483));
#722=CARTESIAN_POINT('',(-0.0116565605473064,0.0201897551094376,0.0080429214836415));
#723=CARTESIAN_POINT('',(-0.0129499138922336,0.0194430372075866,0.00806141397891456));
#724=CARTESIAN_POINT('',(-0.0141374173007874,0.0185373959130046,0.00808111761943111));
#725=CARTESIAN_POINT('',(-0.0034253181805247,-0.0229962974272418,0.00476402521798168));
#726=CARTESIAN_POINT('',(0.00459903737071659,-0.0241915320533212,0.00487906974201381));
#727=CARTESIAN_POINT('',(0.011625,-0.0201350906379882,0.00497980038902863));
#728=CARTESIAN_POINT('',(0.02325,-0.0134233937586588,0.00514646705569529));
#729=CARTESIAN_POINT('',(0.02325,-2.8473038080176E-18,0.00531313372236196));
#730=CARTESIAN_POINT('',(0.02325,0.0134233937586588,0.00547980038902862));
#731=CARTESIAN_POINT('',(0.011625,0.0201350906379882,0.00564646705569529));
#732=CARTESIAN_POINT('',(4.93167486007082E-18,0.0268467875173176,0.00581313372236195));
#733=CARTESIAN_POINT('',(-0.011625,0.0201350906379882,0.00597980038902863));
#734=CARTESIAN_POINT('',(-0.02325,0.0134233937586588,0.0061464670556953));
#735=CARTESIAN_POINT('',(-0.02325,1.54074395550979E-33,0.00631313372236196));
#736=CARTESIAN_POINT('',(-0.02325,-0.0134233937586588,0.00647980038902863));
#737=CARTESIAN_POINT('',(-0.011625,-0.0201350906379882,0.00664646705569529));
#738=CARTESIAN_POINT('',(-1.64389162002361E-18,-0.0268467875173176,0.00681313372236196));
#739=CARTESIAN_POINT('',(0.011625,-0.0201350906379882,0.00697980038902863));
#740=CARTESIAN_POINT('',(0.02325,-0.0134233937586588,0.00714646705569529));
#741=CARTESIAN_POINT('',(0.02325,-2.8473038080176E-18,0.00731313372236196));
#742=CARTESIAN_POINT('',(0.02325,0.0134233937586588,0.00747980038902863));
#743=CARTESIAN_POINT('',(0.011625,0.0201350906379882,0.00764646705569529));
#744=CARTESIAN_POINT('',(4.93167486007082E-18,0.0268467875173176,0.00781313372236196));
#745=CARTESIAN_POINT('',(-0.011625,0.0201350906379882,0.00797980038902862));
#746=CARTESIAN_POINT('',(-0.0129148515452959,0.019390394501097,0.00799829288430168));
#747=CARTESIAN_POINT('',(-0.0140991397466408,0.0184872052621453,0.00801799652481823));
#748=CARTESIAN_POINT('',(-0.02325,1.54074395550979E-33,0.00252864261966105));
#749=CARTESIAN_POINT('',(-0.02325,-0.0134233937586588,0.00269530928632772));
#750=CARTESIAN_POINT('',(-0.011625,-0.0201350906379882,0.00286197595299439));
#751=CARTESIAN_POINT('',(-1.64389162002361E-18,-0.0268467875173176,0.00302864261966105));
#752=CARTESIAN_POINT('',(0.011625,-0.0201350906379882,0.00319530928632772));
#753=CARTESIAN_POINT('',(0.02325,-0.0134233937586588,0.00336197595299438));
#754=CARTESIAN_POINT('',(0.02325,-2.8473038080176E-18,0.00352864261966105));
#755=CARTESIAN_POINT('',(0.02325,0.0134233937586588,0.00369530928632772));
#756=CARTESIAN_POINT('',(0.011625,0.0201350906379882,0.00386197595299438));
#757=CARTESIAN_POINT('',(4.93167486007082E-18,0.0268467875173176,0.00402864261966105));
#758=CARTESIAN_POINT('',(-0.011625,0.0201350906379882,0.00419530928632772));
#759=CARTESIAN_POINT('',(-0.02325,0.0134233937586588,0.00436197595299438));
#760=CARTESIAN_POINT('',(-0.02325,5.69460761603519E-18,0.00452864261966105));
#761=CARTESIAN_POINT('',(-0.02325,-0.0134233937586588,0.00469530928632772));
#762=CARTESIAN_POINT('',(-0.011625,-0.0201350906379882,0.00486197595299439));
#763=CARTESIAN_POINT('',(-3.20641954112742E-17,-0.0268467875173176,0.00502864261966105));
#764=CARTESIAN_POINT('',(0.011625,-0.0201350906379882,0.00519530928632772));
#765=CARTESIAN_POINT('',(0.02325,-0.0134233937586588,0.00536197595299438));
#766=CARTESIAN_POINT('',(0.02325,-8.54191142405279E-18,0.00552864261966105));
#767=CARTESIAN_POINT('',(0.02325,0.0134233937586588,0.00569530928632772));
#768=CARTESIAN_POINT('',(0.011625,0.0201350906379882,0.00586197595299439));
#769=CARTESIAN_POINT('',(1.15072413401652E-17,0.0268467875173176,0.00602864261966105));
#770=CARTESIAN_POINT('',(-0.011625,0.0201350906379882,0.00619530928632772));
#771=CARTESIAN_POINT('',(-0.02325,0.0134233937586588,0.00636197595299438));
#772=CARTESIAN_POINT('',(-0.02325,1.13892152320704E-17,0.00652864261966105));
#773=CARTESIAN_POINT('',(-0.02325,-0.0134233937586588,0.00669530928632772));
#774=CARTESIAN_POINT('',(-0.011625,-0.0201350906379882,0.00686197595299439));
#775=CARTESIAN_POINT('',(-6.24844992025248E-17,-0.0268467875173176,0.00702864261966105));
#776=CARTESIAN_POINT('',(0.011625,-0.0201350906379882,0.00719530928632772));
#777=CARTESIAN_POINT('',(0.02325,-0.0134233937586588,0.00736197595299438));
#778=CARTESIAN_POINT('',(0.02325,-5.55368155561438E-17,0.00752864261966105));
#779=CARTESIAN_POINT('',(0.02325,0.0134233937586588,0.00769530928632771));
#780=CARTESIAN_POINT('',(0.011625,0.0201350906379882,0.00786197595299439));
#781=CARTESIAN_POINT('',(6.5772282442572E-17,0.0268467875173176,0.00802864261966105));
#782=CARTESIAN_POINT('',(-0.011625,0.0201350906379883,0.00819530928632772));
#783=CARTESIAN_POINT('',(-0.0232499999999999,0.0134233937586588,0.00836197595299438));
#784=CARTESIAN_POINT('',(-0.02325,1.70838228481056E-17,0.00852864261966105));
#785=CARTESIAN_POINT('',(-0.02325,-0.0134233937586588,0.00869530928632771));
#786=CARTESIAN_POINT('',(-0.011625,-0.0201350906379882,0.00886197595299439));
#787=CARTESIAN_POINT('',(-6.90600656826192E-17,-0.0268467875173176,0.00902864261966104));
#788=CARTESIAN_POINT('',(0.011625,-0.0201350906379883,0.00919530928632772));
#789=CARTESIAN_POINT('',(0.0232499999999999,-0.0134233937586588,0.00936197595299438));
#790=CARTESIAN_POINT('',(0.02325,-1.99311266561232E-17,0.00952864261966105));
#791=CARTESIAN_POINT('',(0.02325,0.0134233937586588,0.00969530928632772));
#792=CARTESIAN_POINT('',(0.011625,0.0201350906379882,0.00986197595299439));
#793=CARTESIAN_POINT('',(7.23478489226664E-17,0.0268467875173176,0.010028642619661));
#794=CARTESIAN_POINT('',(-0.011625,0.0201350906379883,0.0101953092863277));
#795=CARTESIAN_POINT('',(-0.0232499999999999,0.0134233937586588,0.0103619759529944));
#796=CARTESIAN_POINT('',(-0.02325,2.27784304641407E-17,0.010528642619661));
#797=CARTESIAN_POINT('',(0.00199782272135879,0.0231640066563197,0.008));
#798=CARTESIAN_POINT('',(0.00199782272135879,0.0231640066563197,0.00799999999999999));
#799=CARTESIAN_POINT('',(-0.000637193086720933,0.0234292335033872,0.00799999999999999));
#800=CARTESIAN_POINT('',(-0.00466071401685873,0.0230919330411809,0.00800000000000001));
#801=CARTESIAN_POINT('',(-0.00958170825386551,0.0213447170373131,0.008));
#802=CARTESIAN_POINT('',(-0.0118939935360932,0.0200406199205293,0.008));
#803=CARTESIAN_POINT('',(-0.0129791309453688,0.0192900145127724,0.008));
#804=CARTESIAN_POINT('',(-0.0185630955904363,-0.0124611663212731,0.00561006960324129));
#805=CARTESIAN_POINT('',(-0.0156716527992303,-0.0167684781365248,0.00568723839735431));
#806=CARTESIAN_POINT('',(-0.0111788772243248,-0.019362383324105,0.00575422150434484));
#807=CARTESIAN_POINT('',(-1.58080538411529E-18,-0.0258165110988067,0.00592088817101151));
#808=CARTESIAN_POINT('',(0.0111788772243248,-0.019362383324105,0.00608755483767817));
#809=CARTESIAN_POINT('',(0.0223577544486495,-0.0129082555494034,0.00625422150434484));
#810=CARTESIAN_POINT('',(0.0223577544486495,-2.73803524216612E-18,0.00642088817101151));
#811=CARTESIAN_POINT('',(0.0223577544486495,0.0129082555494033,0.00658755483767817));
#812=CARTESIAN_POINT('',(0.0111788772243248,0.019362383324105,0.00675422150434484));
#813=CARTESIAN_POINT('',(4.74241615234587E-18,0.0258165110988067,0.0069208881710115));
#814=CARTESIAN_POINT('',(-0.0111788772243248,0.019362383324105,0.00708755483767817));
#815=CARTESIAN_POINT('',(-0.0223577544486495,0.0129082555494034,0.00725422150434484));
#816=CARTESIAN_POINT('',(-0.0223577544486495,1.54074395550979E-33,0.00742088817101151));
#817=CARTESIAN_POINT('',(-0.0223577544486495,-0.0129082555494033,0.00758755483767817));
#818=CARTESIAN_POINT('',(-0.0111788772243248,-0.019362383324105,0.00775422150434484));
#819=CARTESIAN_POINT('',(-1.58080538411529E-18,-0.0258165110988067,0.0079208881710115));
#820=CARTESIAN_POINT('',(0.0111788772243248,-0.019362383324105,0.00808755483767817));
#821=CARTESIAN_POINT('',(0.0223577544486495,-0.0129082555494034,0.00825422150434484));
#822=CARTESIAN_POINT('',(0.0223577544486495,-2.73803524216612E-18,0.00842088817101151));
#823=CARTESIAN_POINT('',(0.0223577544486495,0.0129082555494033,0.00858755483767817));
#824=CARTESIAN_POINT('',(0.0111788772243248,0.019362383324105,0.00875422150434484));
#825=CARTESIAN_POINT('',(0.0062294837022317,0.0222199170064109,0.00882801236042061));
#826=CARTESIAN_POINT('',(0.000515938245157855,0.0223518006369351,0.00891319601143226));
#827=CARTESIAN_POINT('',(-0.01930390520519,-0.0129584622478533,0.00471782405189084));
#828=CARTESIAN_POINT('',(-0.0162970717125893,-0.0174376687770515,0.00479499284600386));
#829=CARTESIAN_POINT('',(-0.011625,-0.0201350906379882,0.00486197595299439));
#830=CARTESIAN_POINT('',(-1.64389162002361E-18,-0.0268467875173176,0.00502864261966105));
#831=CARTESIAN_POINT('',(0.011625,-0.0201350906379882,0.00519530928632772));
#832=CARTESIAN_POINT('',(0.02325,-0.0134233937586588,0.00536197595299438));
#833=CARTESIAN_POINT('',(0.02325,-2.8473038080176E-18,0.00552864261966105));
#834=CARTESIAN_POINT('',(0.02325,0.0134233937586588,0.00569530928632772));
#835=CARTESIAN_POINT('',(0.011625,0.0201350906379882,0.00586197595299439));
#836=CARTESIAN_POINT('',(4.93167486007082E-18,0.0268467875173176,0.00602864261966105));
#837=CARTESIAN_POINT('',(-0.011625,0.0201350906379882,0.00619530928632772));
#838=CARTESIAN_POINT('',(-0.02325,0.0134233937586588,0.00636197595299438));
#839=CARTESIAN_POINT('',(-0.02325,1.54074395550979E-33,0.00652864261966105));
#840=CARTESIAN_POINT('',(-0.02325,-0.0134233937586588,0.00669530928632772));
#841=CARTESIAN_POINT('',(-0.011625,-0.0201350906379882,0.00686197595299439));
#842=CARTESIAN_POINT('',(-1.64389162002361E-18,-0.0268467875173176,0.00702864261966105));
#843=CARTESIAN_POINT('',(0.011625,-0.0201350906379882,0.00719530928632772));
#844=CARTESIAN_POINT('',(0.02325,-0.0134233937586588,0.00736197595299438));
#845=CARTESIAN_POINT('',(0.02325,-2.8473038080176E-18,0.00752864261966105));
#846=CARTESIAN_POINT('',(0.02325,0.0134233937586588,0.00769530928632771));
#847=CARTESIAN_POINT('',(0.011625,0.0201350906379882,0.00786197595299439));
#848=CARTESIAN_POINT('',(0.00647808778871507,0.0231066617886689,0.00793576680907016));
#849=CARTESIAN_POINT('',(0.000536528130652425,0.0232438085856216,0.00802095046008181));
#850=CARTESIAN_POINT('',(0.00199782272135879,0.0231640066563197,0.00799999999999999));
#851=CARTESIAN_POINT('',(0.00464060632920942,0.0228979979433387,0.00799999999999999));
#852=CARTESIAN_POINT('',(0.00861313536763472,0.0217843781750068,0.00800000000000001));
#853=CARTESIAN_POINT('',(0.0132018555192909,0.0190809323019416,0.00799999999999999));
#854=CARTESIAN_POINT('',(0.0162706098399498,0.0164722035134349,0.00799999999999999));
#855=CARTESIAN_POINT('',(0.0188545702711276,0.0133336408582848,0.008));
#856=CARTESIAN_POINT('',(0.0208145249998364,0.0098642358644829,0.008));
#857=CARTESIAN_POINT('',(0.0221677626955234,0.00605824644467742,0.008));
#858=CARTESIAN_POINT('',(0.0228288750605271,0.00205195888801482,0.00800000000000001));
#859=CARTESIAN_POINT('',(0.022791262972689,-0.00192557843466476,0.00799999999999999));
#860=CARTESIAN_POINT('',(0.0220368929862339,-0.00591451660533111,0.008));
#861=CARTESIAN_POINT('',(0.0206192634947219,-0.00963246978848392,0.00799999999999999));
#862=CARTESIAN_POINT('',(0.0185340207397055,-0.0131119709244169,0.00800000000000001));
#863=CARTESIAN_POINT('',(0.0158645761424505,-0.0161519082269167,0.00799999999999999));
#864=CARTESIAN_POINT('',(0.0117126460906965,-0.0194751621426695,0.00800000000000002));
#865=CARTESIAN_POINT('',(0.00793337082707051,-0.0211172815950192,0.00799999999999999));
#866=CARTESIAN_POINT('',(0.0053062885395243,-0.0217189430203549,0.00799999999999999));
#867=CARTESIAN_POINT('',(0.011625,0.,0.008));
#868=CARTESIAN_POINT('',(0.,0.,0.0086));
#869=CARTESIAN_POINT('',(0.,0.,0.));
#870=CARTESIAN_POINT('',(0.,0.,-0.01));
#871=CARTESIAN_POINT('',(0.,0.,1.7347234759768E-18));
#872=CARTESIAN_POINT('',(0.00197634075661247,-0.0229149313159292,6.6476504836345E-18));
#873=CARTESIAN_POINT('',(-0.00197634075661191,-0.0229149313159293,7.04636452572818E-18));
#874=CARTESIAN_POINT('',(-0.023,0.,0.00547135738033896));
#875=CARTESIAN_POINT('',(-0.023,0.0132790561913614,0.00530469071367229));
#876=CARTESIAN_POINT('',(-0.0115,0.0199185842870421,0.00513802404700562));
#877=CARTESIAN_POINT('',(-1.62621536604486E-18,0.0265581123827228,0.00497135738033896));
#878=CARTESIAN_POINT('',(0.0115,0.0199185842870421,0.00480469071367229));
#879=CARTESIAN_POINT('',(0.023,0.0132790561913614,0.00463802404700562));
#880=CARTESIAN_POINT('',(0.023,2.81668763803891E-18,0.00447135738033896));
#881=CARTESIAN_POINT('',(0.023,-0.0132790561913614,0.00430469071367229));
#882=CARTESIAN_POINT('',(0.0115,-0.0199185842870421,0.00413802404700563));
#883=CARTESIAN_POINT('',(4.87864609813457E-18,-0.0265581123827228,0.00397135738033895));
#884=CARTESIAN_POINT('',(-0.0115,-0.0199185842870421,0.00380469071367229));
#885=CARTESIAN_POINT('',(-0.023,-0.0132790561913614,0.00363802404700562));
#886=CARTESIAN_POINT('',(-0.023,-5.63337527607782E-18,0.00347135738033895));
#887=CARTESIAN_POINT('',(-0.023,0.0132790561913614,0.00330469071367229));
#888=CARTESIAN_POINT('',(-0.0115,0.0199185842870421,0.00313802404700562));
#889=CARTESIAN_POINT('',(-3.17194191165293E-17,0.0265581123827228,0.00297135738033895));
#890=CARTESIAN_POINT('',(0.0115,0.0199185842870421,0.00280469071367229));
#891=CARTESIAN_POINT('',(0.0229999999999999,0.0132790561913614,0.00263802404700562));
#892=CARTESIAN_POINT('',(0.023,8.45006291411674E-18,0.00247135738033896));
#893=CARTESIAN_POINT('',(0.023,-0.0132790561913614,0.00230469071367229));
#894=CARTESIAN_POINT('',(0.0115,-0.019918584287042,0.00213802404700562));
#895=CARTESIAN_POINT('',(1.1383507562314E-17,-0.0265581123827228,0.00197135738033896));
#896=CARTESIAN_POINT('',(-0.0115,-0.0199185842870421,0.00180469071367229));
#897=CARTESIAN_POINT('',(-0.0229999999999999,-0.0132790561913614,0.00163802404700562));
#898=CARTESIAN_POINT('',(-0.023,-1.12667505521556E-17,0.00147135738033896));
#899=CARTESIAN_POINT('',(-0.023,0.0132790561913614,0.00130469071367229));
#900=CARTESIAN_POINT('',(-0.0115,0.019918584287042,0.00113802404700562));
#901=CARTESIAN_POINT('',(-6.18126228670138E-17,0.0265581123827228,0.000971357380338956));
#902=CARTESIAN_POINT('',(0.0115,0.0199185842870421,0.00080469071367229));
#903=CARTESIAN_POINT('',(0.0229999999999999,0.0132790561913614,0.000638024047005622));
#904=CARTESIAN_POINT('',(0.023,5.49396454964003E-17,0.000471357380338956));
#905=CARTESIAN_POINT('',(0.023,-0.0132790561913614,0.00030469071367229));
#906=CARTESIAN_POINT('',(0.0115,-0.019918584287042,0.000138024047005623));
#907=CARTESIAN_POINT('',(6.50650535991035E-17,-0.0265581123827228,-2.86426196610436E-5));
#908=CARTESIAN_POINT('',(-0.0115,-0.0199185842870421,-0.00019530928632771));
#909=CARTESIAN_POINT('',(-0.0229999999999999,-0.0132790561913614,-0.000361975952994377));
#910=CARTESIAN_POINT('',(-0.023,-1.69001258282335E-17,-0.000528642619661044));
#911=CARTESIAN_POINT('',(-0.023,0.0132790561913614,-0.00069530928632771));
#912=CARTESIAN_POINT('',(-0.0115,0.019918584287042,-0.000861975952994377));
#913=CARTESIAN_POINT('',(-6.83174843311932E-17,0.0265581123827228,-0.00102864261966104));
#914=CARTESIAN_POINT('',(0.0115,0.0199185842870422,-0.00119530928632771));
#915=CARTESIAN_POINT('',(0.0229999999999999,0.0132790561913614,-0.00136197595299438));
#916=CARTESIAN_POINT('',(0.023,1.97168134662724E-17,-0.00152864261966105));
#917=CARTESIAN_POINT('',(0.023,-0.0132790561913614,-0.00169530928632771));
#918=CARTESIAN_POINT('',(0.0115,-0.019918584287042,-0.00186197595299437));
#919=CARTESIAN_POINT('',(7.15699150632829E-17,-0.0265581123827228,-0.00202864261966104));
#920=CARTESIAN_POINT('',(-0.0115,-0.0199185842870422,-0.00219530928632771));
#921=CARTESIAN_POINT('',(-0.0229999999999999,-0.0132790561913614,-0.00236197595299438));
#922=CARTESIAN_POINT('',(-0.023,-2.25335011043113E-17,-0.00252864261966104));
#923=CARTESIAN_POINT('',(0.0200568204681783,0.0112571733888781,0.00263397459621556));
#924=CARTESIAN_POINT('',(0.,0.,0.00263397459621556));
#925=CARTESIAN_POINT('',(0.0216945308593635,0.0076385424520731,0.00263397459621556));
#926=CARTESIAN_POINT('',(-0.023,0.,0.00352864261966105));
#927=CARTESIAN_POINT('',(-0.023,0.0132790561913614,0.00336197595299438));
#928=CARTESIAN_POINT('',(-0.0115,0.0199185842870421,0.00319530928632771));
#929=CARTESIAN_POINT('',(-1.62621536604486E-18,0.0265581123827228,0.00302864261966105));
#930=CARTESIAN_POINT('',(0.0115,0.0199185842870421,0.00286197595299439));
#931=CARTESIAN_POINT('',(0.023,0.0132790561913614,0.00269530928632772));
#932=CARTESIAN_POINT('',(0.023,2.81668763803891E-18,0.00252864261966105));
#933=CARTESIAN_POINT('',(0.023,-0.0132790561913614,0.00236197595299438));
#934=CARTESIAN_POINT('',(0.0115,-0.0199185842870421,0.00219530928632771));
#935=CARTESIAN_POINT('',(4.87864609813457E-18,-0.0265581123827228,0.00202864261966105));
#936=CARTESIAN_POINT('',(-0.0115,-0.0199185842870421,0.00186197595299438));
#937=CARTESIAN_POINT('',(-0.023,-0.0132790561913614,0.00169530928632772));
#938=CARTESIAN_POINT('',(-0.023,-5.63337527607782E-18,0.00152864261966105));
#939=CARTESIAN_POINT('',(-0.023,0.0132790561913614,0.00136197595299438));
#940=CARTESIAN_POINT('',(-0.0115,0.0199185842870421,0.00119530928632772));
#941=CARTESIAN_POINT('',(-3.17194191165293E-17,0.0265581123827228,0.00102864261966105));
#942=CARTESIAN_POINT('',(0.0115,0.0199185842870421,0.000861975952994383));
#943=CARTESIAN_POINT('',(0.0229999999999999,0.0132790561913614,0.000695309286327716));
#944=CARTESIAN_POINT('',(0.023,8.45006291411674E-18,0.000528642619661049));
#945=CARTESIAN_POINT('',(0.023,-0.0132790561913614,0.000361975952994383));
#946=CARTESIAN_POINT('',(0.0115,-0.019918584287042,0.000195309286327716));
#947=CARTESIAN_POINT('',(1.1383507562314E-17,-0.0265581123827228,2.86426196610492E-5));
#948=CARTESIAN_POINT('',(-0.0115,-0.0199185842870421,-0.000138024047005617));
#949=CARTESIAN_POINT('',(-0.0229999999999999,-0.0132790561913614,-0.000304690713672284));
#950=CARTESIAN_POINT('',(-0.023,-1.12667505521556E-17,-0.000471357380338951));
#951=CARTESIAN_POINT('',(-0.023,0.0132790561913614,-0.000638024047005618));
#952=CARTESIAN_POINT('',(-0.0115,0.019918584287042,-0.000804690713672284));
#953=CARTESIAN_POINT('',(-6.18126228670138E-17,0.0265581123827228,-0.00097135738033895));
#954=CARTESIAN_POINT('',(0.0115,0.0199185842870421,-0.00113802404700562));
#955=CARTESIAN_POINT('',(0.0229999999999999,0.0132790561913614,-0.00130469071367228));
#956=CARTESIAN_POINT('',(0.023,5.49396454964003E-17,-0.00147135738033895));
#957=CARTESIAN_POINT('',(0.023,-0.0132790561913614,-0.00163802404700562));
#958=CARTESIAN_POINT('',(0.0115,-0.019918584287042,-0.00180469071367228));
#959=CARTESIAN_POINT('',(6.50650535991035E-17,-0.0265581123827228,-0.00197135738033895));
#960=CARTESIAN_POINT('',(-0.0115,-0.0199185842870421,-0.00213802404700561));
#961=CARTESIAN_POINT('',(-0.0229999999999999,-0.0132790561913614,-0.00230469071367228));
#962=CARTESIAN_POINT('',(-0.023,-1.69001258282335E-17,-0.00247135738033895));
#963=CARTESIAN_POINT('',(-0.023,0.0132790561913614,-0.00263802404700562));
#964=CARTESIAN_POINT('',(-0.0115,0.019918584287042,-0.00280469071367229));
#965=CARTESIAN_POINT('',(-6.83174843311932E-17,0.0265581123827228,-0.00297135738033895));
#966=CARTESIAN_POINT('',(0.0115,0.0199185842870422,-0.00313802404700561));
#967=CARTESIAN_POINT('',(0.0229999999999999,0.0132790561913614,-0.00330469071367228));
#968=CARTESIAN_POINT('',(0.023,1.97168134662724E-17,-0.00347135738033895));
#969=CARTESIAN_POINT('',(0.023,-0.0132790561913614,-0.00363802404700562));
#970=CARTESIAN_POINT('',(0.0115,-0.019918584287042,-0.00380469071367229));
#971=CARTESIAN_POINT('',(7.15699150632829E-17,-0.0265581123827228,-0.00397135738033895));
#972=CARTESIAN_POINT('',(-0.0115,-0.0199185842870422,-0.00413802404700562));
#973=CARTESIAN_POINT('',(-0.0229999999999999,-0.0132790561913614,-0.00430469071367229));
#974=CARTESIAN_POINT('',(-0.023,-2.25335011043113E-17,-0.00447135738033895));
#975=CARTESIAN_POINT('',(0.013125,0.,-0.0216));
#976=CARTESIAN_POINT('',(0.,0.,-0.0216));
#977=CARTESIAN_POINT('',(-0.02525,0.,-0.0216));
#978=CARTESIAN_POINT('',(0.,0.,-0.01));
#979=CARTESIAN_POINT('',(0.,0.,-0.0206));
#980=CARTESIAN_POINT('',(-0.02625,0.,-0.0206));
#981=CARTESIAN_POINT('',(0.,0.,0.));
#982=CARTESIAN_POINT('',(-0.02625,0.,0.));
#983=CARTESIAN_POINT('',(0.024625,0.,4.33680868994202E-19));
#984=CARTESIAN_POINT('',(-0.00189533529558633,0.0219757033163019,-1.32510799553279E-16));
#985=CARTESIAN_POINT('',(-0.00469633749356302,0.0217765569357034,-1.32510799553279E-16));
#986=CARTESIAN_POINT('',(-0.0088445326124349,0.0206504154412775,2.67940125351446E-17));
#987=CARTESIAN_POINT('',(-0.0135764007678223,0.0177707044809545,1.33258616014895E-18));
#988=CARTESIAN_POINT('',(-0.0167270363263217,0.014938770426318,-5.96266681840044E-19));
#989=CARTESIAN_POINT('',(-0.0192632646693702,0.0115980379396328,1.10964657855596E-18));
#990=CARTESIAN_POINT('',(-0.0211351673324421,0.00785527944635314,1.52330704115607E-18));
#991=CARTESIAN_POINT('',(-0.0222809525169429,0.0038260141418164,-6.50341310499849E-19));
#992=CARTESIAN_POINT('',(-0.0226618768940902,-0.000345605461408788,-5.23862538370569E-19));
#993=CARTESIAN_POINT('',(-0.0222540511479105,-0.00456523742585235,5.36406571215281E-18));
#994=CARTESIAN_POINT('',(-0.0207303448350753,-0.00988815805478727,-2.13652821123444E-18));
#995=CARTESIAN_POINT('',(-0.0177011085998572,-0.0147649114857998,-1.81653532916624E-18));
#996=CARTESIAN_POINT('',(-0.0136063261449834,-0.0184899658986476,-3.14520370377755E-18));
#997=CARTESIAN_POINT('',(-0.0100042631446377,-0.0207248601551285,3.01556487615238E-18));
#998=CARTESIAN_POINT('',(-0.00609606069934733,-0.0222447949990289,-4.69016512709574E-18));
#999=CARTESIAN_POINT('',(-0.00337249556536067,-0.0227741827872115,1.05484387020321E-17));
#1000=CARTESIAN_POINT('',(-0.00197634075661191,-0.0229149313159292,1.05484387020321E-17));
#1001=CARTESIAN_POINT('',(-0.00189533529558637,0.0219757033163018,-1.31727870161532E-16));
#1002=CARTESIAN_POINT('',(0.00189533529559497,0.0219757033163011,4.05963388313597E-19));
#1003=CARTESIAN_POINT('',(0.000633660456852652,0.0220654062011509,4.05963388313597E-19));
#1004=CARTESIAN_POINT('',(-0.000633701065869048,0.0220654033139201,9.57553653126517E-19));
#1005=CARTESIAN_POINT('',(-0.00189533529558638,0.0219757033163017,9.57553653126517E-19));
#1006=CARTESIAN_POINT('',(0.00189533529559497,0.0219757033163011,7.16235406524634E-18));
#1007=CARTESIAN_POINT('',(0.00197634075661247,-0.0229149313159292,6.72014394583335E-18));
#1008=CARTESIAN_POINT('',(0.00476966806556049,-0.0226333316634423,6.72014394583335E-18));
#1009=CARTESIAN_POINT('',(0.00888880961756491,-0.0214219786754277,-1.47643618401917E-18));
#1010=CARTESIAN_POINT('',(0.0135911592641147,-0.0185012595157673,3.29668222921723E-19));
#1011=CARTESIAN_POINT('',(0.0167170900599175,-0.0156544745902808,-1.23348032488687E-19));
#1012=CARTESIAN_POINT('',(0.0192488125847515,-0.0122884059596678,2.38688137714009E-20));
#1013=CARTESIAN_POINT('',(0.0217275204979135,-0.00732397150329361,5.59322337383797E-19));
#1014=CARTESIAN_POINT('',(0.0230594707270194,-0.000281183465484816,-1.00615724044224E-18));
#1015=CARTESIAN_POINT('',(0.0217465777230274,0.00665122727074773,2.27924957299362E-19));
#1016=CARTESIAN_POINT('',(0.0192308345597677,0.011650015903476,6.0110017323092E-19));
#1017=CARTESIAN_POINT('',(0.0166934557079905,0.0149748484806169,8.09820441415758E-19));
#1018=CARTESIAN_POINT('',(0.0135296828128946,0.0178058609498785,-4.85846413433509E-19));
#1019=CARTESIAN_POINT('',(0.00997887827861215,0.0199532785181497,6.80696855611244E-19));
#1020=CARTESIAN_POINT('',(0.00601258193446874,0.0214238936252916,1.53952729833735E-18));
#1021=CARTESIAN_POINT('',(0.00328280300559829,0.0218770567772711,1.03527063540952E-17));
#1022=CARTESIAN_POINT('',(0.00189533529559504,0.0219757033163011,1.03527063540952E-17));
#1023=CARTESIAN_POINT('',(0.,0.,0.003));
#1024=CARTESIAN_POINT('',(-0.00328281702934965,-0.0218116240679283,0.00297903214714624));
#1025=CARTESIAN_POINT('',(-0.00518106994004234,-0.0215471241608748,0.00297135820123733));
#1026=CARTESIAN_POINT('',(-0.00796962020475669,-0.0207736125147455,0.002960024616005));
#1027=CARTESIAN_POINT('',(-0.0113448991234708,-0.0190902773946095,0.00294672343469396));
#1028=CARTESIAN_POINT('',(-0.014534425058494,-0.0169483469615434,0.00293288259920497));
#1029=CARTESIAN_POINT('',(-0.0172182413824861,-0.014276434956579,0.00291807910620119));
#1030=CARTESIAN_POINT('',(-0.019372152013451,-0.011099369314479,0.002902707575444));
#1031=CARTESIAN_POINT('',(-0.0210717500250016,-0.00773553805319194,0.00288764211651779));
#1032=CARTESIAN_POINT('',(-0.022131259035895,-0.00401602178915008,0.00287262066301402));
#1033=CARTESIAN_POINT('',(-0.0224438219872969,-0.000205238231922795,0.00285902891160175));
#1034=CARTESIAN_POINT('',(-0.0222778926759017,0.00356326638100699,0.00284584638098777));
#1035=CARTESIAN_POINT('',(-0.021384801677549,0.0073282267839873,0.00283094987578551));
#1036=CARTESIAN_POINT('',(-0.0198062310738795,0.0108057067597163,0.00281584977924989));
#1037=CARTESIAN_POINT('',(-0.0178331802270261,0.0140192024231809,0.00280092382375188));
#1038=CARTESIAN_POINT('',(-0.0145574446254368,0.0175971047965329,0.00278204803519324));
#1039=CARTESIAN_POINT('',(-0.0105736615723998,0.020176108484818,0.0027660639959227));
#1040=CARTESIAN_POINT('',(-0.00702655842062215,0.0216248517875441,0.00275204923574739));
#1041=CARTESIAN_POINT('',(-0.00427889282219058,0.0223599041208912,0.00274120109585193));
#1042=CARTESIAN_POINT('',(-0.00146909020325298,0.0227495433375538,0.00273014191299567));
#1043=CARTESIAN_POINT('',(0.00140860783960134,0.0227854876111984,0.00271884585743178));
#1044=CARTESIAN_POINT('',(0.0042678700504243,0.0224564502057982,0.00270764844773349));
#1045=CARTESIAN_POINT('',(0.00702918116672208,0.0217802807100248,0.00269688047522763));
#1046=CARTESIAN_POINT('',(0.00967977789711931,0.020771014609708,0.00268650533868457));
#1047=CARTESIAN_POINT('',(0.0122197306225482,0.0194186536648256,0.0026768293166495));
#1048=CARTESIAN_POINT('',(0.0145706769979874,0.0177572484578244,0.00266660980942194));
#1049=CARTESIAN_POINT('',(0.0173702743562105,0.0152056065338112,0.00265249454866578));
#1050=CARTESIAN_POINT('',(0.0191015052633306,0.0129177298829286,0.00264141307871253));
#1051=CARTESIAN_POINT('',(0.0200568204681783,0.0112571733888781,0.00263397459621556));
#1052=CARTESIAN_POINT('',(-0.00328281702934966,-0.0218116240679283,0.00297903214714624));
#1053=CARTESIAN_POINT('',(0.00050785356184088,-0.022051437977795,0.00297903214714624));
#1054=CARTESIAN_POINT('',(-0.00075977747598696,-0.0220504238556541,0.00299008617698282));
#1055=CARTESIAN_POINT('',(-0.00202721988534564,-0.0219865772188045,0.00298410806959693));
#1056=CARTESIAN_POINT('',(-0.00328281702934965,-0.0218116240679283,0.00297903214714624));
#1057=CARTESIAN_POINT('',(0.000507853561840877,-0.0220514379777951,0.00297903214714624));
#1058=CARTESIAN_POINT('',(0.0216945308593616,0.00763854245207245,0.00263397459621352));
#1059=CARTESIAN_POINT('',(0.0222490643009567,0.00594291916357366,0.00264864342410001));
#1060=CARTESIAN_POINT('',(0.0229572109798406,0.00243283457680119,0.00267746549108746));
#1061=CARTESIAN_POINT('',(0.0228294708934807,-0.00198756952886414,0.0027090382470329));
#1062=CARTESIAN_POINT('',(0.0221007434624983,-0.00547321933475741,0.00273755290220523));
#1063=CARTESIAN_POINT('',(0.0209865038255748,-0.00880092150791055,0.0027665436505551));
#1064=CARTESIAN_POINT('',(0.0192711176061656,-0.0119563977678604,0.00279711569774157));
#1065=CARTESIAN_POINT('',(0.0170331387051653,-0.0147370081992004,0.00282732945660527));
#1066=CARTESIAN_POINT('',(0.0145273119192272,-0.0171981411018582,0.0028566947637628));
#1067=CARTESIAN_POINT('',(0.0108300126851489,-0.0197376253481474,0.00289056836265628));
#1068=CARTESIAN_POINT('',(0.00582205118141169,-0.021624805926536,0.00293269148662854));
#1069=CARTESIAN_POINT('',(0.00229255049599253,-0.0220528657597141,0.00296346918555041));
#1070=CARTESIAN_POINT('',(0.000507853561840884,-0.022051437977795,0.00297903214714624));
#1071=CARTESIAN_POINT('',(0.,0.,0.003));
#1072=CARTESIAN_POINT('',(0.022,0.,0.003));
#1073=CARTESIAN_POINT('',(6.12323399573677E-19,0.,0.));
#1074=CARTESIAN_POINT('',(0.,0.,0.));
#1075=CARTESIAN_POINT('',(-0.02,0.,0.));
#1076=CARTESIAN_POINT('',(0.,0.,-0.01));
#1077=CARTESIAN_POINT('',(0.,0.,0.003));
#1078=CARTESIAN_POINT('',(-0.02,0.,0.003));
#1079=CARTESIAN_POINT('',(0.0215,0.,0.003));
#1080=CARTESIAN_POINT('',(0.0202532955383205,0.00873658125162609,0.0035993286464423));
#1081=CARTESIAN_POINT('',(0.0220572852393221,0.00455454075887936,0.00353096501801157));
#1082=CARTESIAN_POINT('',(0.0220572852393221,2.70123837662159E-18,0.00347135738033895));
#1083=CARTESIAN_POINT('',(0.0220572852393221,-0.012734779570515,0.00330469071367229));
#1084=CARTESIAN_POINT('',(0.0110286426196611,-0.0191021693557724,0.00313802404700562));
#1085=CARTESIAN_POINT('',(4.67868211166348E-18,-0.0254695591410299,0.00297135738033895));
#1086=CARTESIAN_POINT('',(-0.011028642619661,-0.0191021693557724,0.00280469071367229));
#1087=CARTESIAN_POINT('',(-0.0220572852393221,-0.012734779570515,0.00263802404700562));
#1088=CARTESIAN_POINT('',(-0.0220572852393221,0.,0.00247135738033896));
#1089=CARTESIAN_POINT('',(-0.0220572852393221,0.012734779570515,0.00230469071367229));
#1090=CARTESIAN_POINT('',(-0.011028642619661,0.0191021693557724,0.00213802404700562));
#1091=CARTESIAN_POINT('',(-1.55956070388783E-18,0.0254695591410299,0.00197135738033896));
#1092=CARTESIAN_POINT('',(0.011028642619661,0.0191021693557724,0.00180469071367229));
#1093=CARTESIAN_POINT('',(0.0220572852393221,0.012734779570515,0.00163802404700562));
#1094=CARTESIAN_POINT('',(0.0220572852393221,2.70123837662159E-18,0.00147135738033896));
#1095=CARTESIAN_POINT('',(0.0220572852393221,-0.012734779570515,0.00130469071367229));
#1096=CARTESIAN_POINT('',(0.0110286426196611,-0.0191021693557724,0.00113802404700562));
#1097=CARTESIAN_POINT('',(4.67868211166348E-18,-0.0254695591410299,0.000971357380338957));
#1098=CARTESIAN_POINT('',(-0.011028642619661,-0.0191021693557724,0.00080469071367229));
#1099=CARTESIAN_POINT('',(-0.0220572852393221,-0.012734779570515,0.000638024047005624));
#1100=CARTESIAN_POINT('',(-0.0220572852393221,0.,0.000471357380338957));
#1101=CARTESIAN_POINT('',(-0.0220572852393221,0.012734779570515,0.00030469071367229));
#1102=CARTESIAN_POINT('',(-0.011028642619661,0.0191021693557724,0.000138024047005624));
#1103=CARTESIAN_POINT('',(-0.00608364347222316,0.0219571659446882,6.32944041116092E-5));
#1104=CARTESIAN_POINT('',(-0.000374473246122766,0.0220541062370878,-2.29835181886762E-5));
#1105=CARTESIAN_POINT('',(0.0211189088923296,0.009109977343412,0.00265661388576439));
#1106=CARTESIAN_POINT('',(0.023,0.0047491990205339,0.00258825025733367));
#1107=CARTESIAN_POINT('',(0.023,2.81668763803891E-18,0.00252864261966105));
#1108=CARTESIAN_POINT('',(0.023,-0.0132790561913614,0.00236197595299438));
#1109=CARTESIAN_POINT('',(0.0115,-0.0199185842870421,0.00219530928632771));
#1110=CARTESIAN_POINT('',(4.87864609813457E-18,-0.0265581123827228,0.00202864261966105));
#1111=CARTESIAN_POINT('',(-0.0115,-0.0199185842870421,0.00186197595299438));
#1112=CARTESIAN_POINT('',(-0.023,-0.0132790561913614,0.00169530928632772));
#1113=CARTESIAN_POINT('',(-0.023,0.,0.00152864261966105));
#1114=CARTESIAN_POINT('',(-0.023,0.0132790561913614,0.00136197595299438));
#1115=CARTESIAN_POINT('',(-0.0115,0.0199185842870421,0.00119530928632772));
#1116=CARTESIAN_POINT('',(-1.62621536604486E-18,0.0265581123827228,0.00102864261966105));
#1117=CARTESIAN_POINT('',(0.0115,0.0199185842870421,0.000861975952994383));
#1118=CARTESIAN_POINT('',(0.023,0.0132790561913614,0.000695309286327716));
#1119=CARTESIAN_POINT('',(0.023,2.81668763803891E-18,0.000528642619661049));
#1120=CARTESIAN_POINT('',(0.023,-0.0132790561913614,0.000361975952994383));
#1121=CARTESIAN_POINT('',(0.0115,-0.0199185842870421,0.000195309286327716));
#1122=CARTESIAN_POINT('',(4.87864609813457E-18,-0.0265581123827228,2.86426196610492E-5));
#1123=CARTESIAN_POINT('',(-0.0115,-0.0199185842870421,-0.000138024047005617));
#1124=CARTESIAN_POINT('',(-0.023,-0.0132790561913614,-0.000304690713672284));
#1125=CARTESIAN_POINT('',(-0.023,0.,-0.000471357380338951));
#1126=CARTESIAN_POINT('',(-0.023,0.0132790561913614,-0.000638024047005618));
#1127=CARTESIAN_POINT('',(-0.0115,0.0199185842870421,-0.000804690713672284));
#1128=CARTESIAN_POINT('',(-0.00634365464031299,0.0228956016684921,-0.000879420356566298));
#1129=CARTESIAN_POINT('',(-0.000390478001593288,0.0229966851291718,-0.000965698278866584));
#1130=CARTESIAN_POINT('',(-0.0220572852393221,0.,0.00447135738033896));
#1131=CARTESIAN_POINT('',(-0.0220572852393221,0.012734779570515,0.00430469071367229));
#1132=CARTESIAN_POINT('',(-0.011028642619661,0.0191021693557724,0.00413802404700563));
#1133=CARTESIAN_POINT('',(-1.55956070388783E-18,0.0254695591410299,0.00397135738033895));
#1134=CARTESIAN_POINT('',(0.011028642619661,0.0191021693557724,0.00380469071367229));
#1135=CARTESIAN_POINT('',(0.0220572852393221,0.012734779570515,0.00363802404700563));
#1136=CARTESIAN_POINT('',(0.0220572852393221,2.70123837662159E-18,0.00347135738033896));
#1137=CARTESIAN_POINT('',(0.0220572852393221,-0.012734779570515,0.00330469071367229));
#1138=CARTESIAN_POINT('',(0.0110286426196611,-0.0191021693557724,0.00313802404700562));
#1139=CARTESIAN_POINT('',(4.67868211166348E-18,-0.0254695591410299,0.00297135738033896));
#1140=CARTESIAN_POINT('',(-0.011028642619661,-0.0191021693557724,0.00280469071367229));
#1141=CARTESIAN_POINT('',(-0.0220572852393221,-0.012734779570515,0.00263802404700562));
#1142=CARTESIAN_POINT('',(-0.0220572852393221,-5.40247675324319E-18,0.00247135738033896));
#1143=CARTESIAN_POINT('',(-0.0220572852393221,0.0127347795705149,0.00230469071367229));
#1144=CARTESIAN_POINT('',(-0.0110286426196611,0.0191021693557724,0.00213802404700562));
#1145=CARTESIAN_POINT('',(-3.0419316307778E-17,0.0254695591410299,0.00197135738033896));
#1146=CARTESIAN_POINT('',(0.011028642619661,0.0191021693557724,0.00180469071367229));
#1147=CARTESIAN_POINT('',(0.0220572852393221,0.012734779570515,0.00163802404700562));
#1148=CARTESIAN_POINT('',(0.0220572852393221,8.10371512986479E-18,0.00147135738033896));
#1149=CARTESIAN_POINT('',(0.0220572852393221,-0.0127347795705149,0.00130469071367229));
#1150=CARTESIAN_POINT('',(0.0110286426196611,-0.0191021693557724,0.00113802404700562));
#1151=CARTESIAN_POINT('',(1.09169249272148E-17,-0.0254695591410299,0.000971357380338958));
#1152=CARTESIAN_POINT('',(-0.011028642619661,-0.0191021693557724,0.000804690713672291));
#1153=CARTESIAN_POINT('',(-0.0220572852393221,-0.012734779570515,0.000638024047005625));
#1154=CARTESIAN_POINT('',(-0.0220572852393221,-1.08049535064864E-17,0.000471357380338958));
#1155=CARTESIAN_POINT('',(-0.0220572852393221,0.0127347795705149,0.000304690713672291));
#1156=CARTESIAN_POINT('',(-0.0110286426196611,0.0191021693557724,0.000138024047005625));
#1157=CARTESIAN_POINT('',(-5.92790719116681E-17,0.0254695591410299,-2.86426196610418E-5));
#1158=CARTESIAN_POINT('',(0.011028642619661,0.0191021693557724,-0.000195309286327708));
#1159=CARTESIAN_POINT('',(0.0220572852393221,0.012734779570515,-0.000361975952994376));
#1160=CARTESIAN_POINT('',(0.0220572852393221,5.268780137658E-17,-0.000528642619661042));
#1161=CARTESIAN_POINT('',(0.0220572852393221,-0.0127347795705149,-0.000695309286327709));
#1162=CARTESIAN_POINT('',(0.0110286426196611,-0.0191021693557724,-0.000861975952994375));
#1163=CARTESIAN_POINT('',(6.23981933194438E-17,-0.0254695591410299,-0.00102864261966104));
#1164=CARTESIAN_POINT('',(-0.011028642619661,-0.0191021693557725,-0.00119530928632771));
#1165=CARTESIAN_POINT('',(-0.022057285239322,-0.0127347795705151,-0.00136197595299438));
#1166=CARTESIAN_POINT('',(-0.0220572852393221,-1.62074302597296E-17,-0.00152864261966104));
#1167=CARTESIAN_POINT('',(-0.0220572852393221,0.0127347795705149,-0.00169530928632771));
#1168=CARTESIAN_POINT('',(-0.0110286426196611,0.0191021693557724,-0.00186197595299437));
#1169=CARTESIAN_POINT('',(-6.55173147272194E-17,0.0254695591410299,-0.00202864261966104));
#1170=CARTESIAN_POINT('',(0.011028642619661,0.0191021693557725,-0.00219530928632771));
#1171=CARTESIAN_POINT('',(0.022057285239322,0.0127347795705151,-0.00236197595299438));
#1172=CARTESIAN_POINT('',(0.0220572852393221,1.89086686363512E-17,-0.00252864261966104));
#1173=CARTESIAN_POINT('',(0.0220572852393221,-0.0127347795705149,-0.00269530928632771));
#1174=CARTESIAN_POINT('',(0.0110286426196611,-0.0191021693557724,-0.00286197595299438));
#1175=CARTESIAN_POINT('',(6.86364361349951E-17,-0.0254695591410299,-0.00302864261966104));
#1176=CARTESIAN_POINT('',(-0.011028642619661,-0.0191021693557725,-0.00319530928632771));
#1177=CARTESIAN_POINT('',(-0.022057285239322,-0.0127347795705151,-0.00336197595299437));
#1178=CARTESIAN_POINT('',(-0.0220572852393221,-2.16099070129727E-17,-0.00352864261966104));
#1179=CARTESIAN_POINT('',(0.00179598488409445,-0.0219840458156573,0.00305578383951363));
#1180=CARTESIAN_POINT('',(-0.00506610249569786,-0.0225446435013965,0.00295208284298967));
#1181=CARTESIAN_POINT('',(-0.011028642619661,-0.0191021693557724,0.00286197595299438));
#1182=CARTESIAN_POINT('',(-0.0220572852393221,-0.012734779570515,0.00269530928632771));
#1183=CARTESIAN_POINT('',(-0.0220572852393221,0.,0.00252864261966105));
#1184=CARTESIAN_POINT('',(-0.0220572852393221,0.012734779570515,0.00236197595299438));
#1185=CARTESIAN_POINT('',(-0.011028642619661,0.0191021693557724,0.00219530928632771));
#1186=CARTESIAN_POINT('',(-1.55956070388783E-18,0.0254695591410299,0.00202864261966105));
#1187=CARTESIAN_POINT('',(0.011028642619661,0.0191021693557724,0.00186197595299438));
#1188=CARTESIAN_POINT('',(0.0220572852393221,0.012734779570515,0.00169530928632771));
#1189=CARTESIAN_POINT('',(0.0220572852393221,2.70123837662159E-18,0.00152864261966105));
#1190=CARTESIAN_POINT('',(0.0220572852393221,-0.012734779570515,0.00136197595299438));
#1191=CARTESIAN_POINT('',(0.0110286426196611,-0.0191021693557724,0.00119530928632771));
#1192=CARTESIAN_POINT('',(4.67868211166348E-18,-0.0254695591410299,0.00102864261966105));
#1193=CARTESIAN_POINT('',(-0.011028642619661,-0.0191021693557724,0.000861975952994381));
#1194=CARTESIAN_POINT('',(-0.0220572852393221,-0.012734779570515,0.000695309286327715));
#1195=CARTESIAN_POINT('',(-0.0220572852393221,0.,0.000528642619661048));
#1196=CARTESIAN_POINT('',(-0.0220572852393221,0.012734779570515,0.000361975952994381));
#1197=CARTESIAN_POINT('',(-0.011028642619661,0.0191021693557724,0.000195309286327715));
#1198=CARTESIAN_POINT('',(-0.00440054461406194,0.0229289035235203,9.51443758278641E-5));
#1199=CARTESIAN_POINT('',(0.00317330544253991,0.0218278254688176,-1.9312895687728E-5));
#1200=CARTESIAN_POINT('',(0.00179461872063131,-0.0219673230690289,0.00303900538137808));
#1201=CARTESIAN_POINT('',(-0.00506224883067462,-0.0225274943212928,0.00293530438485413));
#1202=CARTESIAN_POINT('',(-0.0110202533905933,-0.0190876387847908,0.00284519749485883));
#1203=CARTESIAN_POINT('',(-0.0220405067811866,-0.0127250925231938,0.00267853082819217));
#1204=CARTESIAN_POINT('',(-0.0220405067811866,0.,0.0025118641615255));
#1205=CARTESIAN_POINT('',(-0.0220405067811866,0.0127250925231938,0.00234519749485883));
#1206=CARTESIAN_POINT('',(-0.0110202533905933,0.0190876387847908,0.00217853082819217));
#1207=CARTESIAN_POINT('',(-1.55837438273832E-18,0.0254501850463877,0.0020118641615255));
#1208=CARTESIAN_POINT('',(0.0110202533905933,0.0190876387847908,0.00184519749485883));
#1209=CARTESIAN_POINT('',(0.0220405067811866,0.0127250925231938,0.00167853082819217));
#1210=CARTESIAN_POINT('',(0.0220405067811866,2.69918360811656E-18,0.0015118641615255));
#1211=CARTESIAN_POINT('',(0.0220405067811866,-0.0127250925231938,0.00134519749485883));
#1212=CARTESIAN_POINT('',(0.0110202533905933,-0.0190876387847908,0.00117853082819217));
#1213=CARTESIAN_POINT('',(4.67512314821497E-18,-0.0254501850463877,0.0010118641615255));
#1214=CARTESIAN_POINT('',(-0.0110202533905933,-0.0190876387847908,0.000845197494858833));
#1215=CARTESIAN_POINT('',(-0.0220405067811866,-0.0127250925231938,0.000678530828192167));
#1216=CARTESIAN_POINT('',(-0.0220405067811866,0.,0.0005118641615255));
#1217=CARTESIAN_POINT('',(-0.0220405067811866,0.0127250925231938,0.000345197494858834));
#1218=CARTESIAN_POINT('',(-0.0110202533905933,0.0190876387847908,0.000178530828192167));
#1219=CARTESIAN_POINT('',(-0.00439719722326659,0.0229114620458548,7.83659176923169E-5));
#1220=CARTESIAN_POINT('',(0.00317089158371997,0.021811221555333,-3.6091353823275E-5));
#1221=CARTESIAN_POINT('',(0.00179461872063131,-0.0219673230690289,0.00301527705832708));
#1222=CARTESIAN_POINT('',(-0.00506224883067462,-0.0225274943212928,0.00291157606180313));
#1223=CARTESIAN_POINT('',(-0.0110202533905933,-0.0190876387847908,0.00282146917180784));
#1224=CARTESIAN_POINT('',(-0.0220405067811866,-0.0127250925231938,0.00265480250514117));
#1225=CARTESIAN_POINT('',(-0.0220405067811866,0.,0.0024881358384745));
#1226=CARTESIAN_POINT('',(-0.0220405067811866,0.0127250925231938,0.00232146917180783));
#1227=CARTESIAN_POINT('',(-0.0110202533905933,0.0190876387847908,0.00215480250514117));
#1228=CARTESIAN_POINT('',(-1.55837438273832E-18,0.0254501850463877,0.0019881358384745));
#1229=CARTESIAN_POINT('',(0.0110202533905933,0.0190876387847908,0.00182146917180784));
#1230=CARTESIAN_POINT('',(0.0220405067811866,0.0127250925231938,0.00165480250514117));
#1231=CARTESIAN_POINT('',(0.0220405067811866,2.69918360811656E-18,0.0014881358384745));
#1232=CARTESIAN_POINT('',(0.0220405067811866,-0.0127250925231938,0.00132146917180784));
#1233=CARTESIAN_POINT('',(0.0110202533905933,-0.0190876387847908,0.00115480250514117));
#1234=CARTESIAN_POINT('',(4.67512314821497E-18,-0.0254501850463877,0.000988135838474505));
#1235=CARTESIAN_POINT('',(-0.0110202533905933,-0.0190876387847908,0.000821469171807839));
#1236=CARTESIAN_POINT('',(-0.0220405067811866,-0.0127250925231938,0.000654802505141171));
#1237=CARTESIAN_POINT('',(-0.0220405067811866,0.,0.000488135838474505));
#1238=CARTESIAN_POINT('',(-0.0220405067811866,0.0127250925231938,0.000321469171807838));
#1239=CARTESIAN_POINT('',(-0.0110202533905933,0.0190876387847908,0.000154802505141172));
#1240=CARTESIAN_POINT('',(-0.00439719722326659,0.0229114620458548,5.46375946413215E-5));
#1241=CARTESIAN_POINT('',(0.00317089158371997,0.021811221555333,-5.98196768742706E-5));
#1242=CARTESIAN_POINT('',(0.00179598488409445,-0.0219840458156573,0.00299849860019154));
#1243=CARTESIAN_POINT('',(-0.00506610249569786,-0.0225446435013965,0.00289479760366758));
#1244=CARTESIAN_POINT('',(-0.011028642619661,-0.0191021693557724,0.00280469071367229));
#1245=CARTESIAN_POINT('',(-0.0220572852393221,-0.012734779570515,0.00263802404700562));
#1246=CARTESIAN_POINT('',(-0.0220572852393221,0.,0.00247135738033896));
#1247=CARTESIAN_POINT('',(-0.0220572852393221,0.012734779570515,0.00230469071367229));
#1248=CARTESIAN_POINT('',(-0.011028642619661,0.0191021693557724,0.00213802404700562));
#1249=CARTESIAN_POINT('',(-1.55956070388783E-18,0.0254695591410299,0.00197135738033896));
#1250=CARTESIAN_POINT('',(0.011028642619661,0.0191021693557724,0.00180469071367229));
#1251=CARTESIAN_POINT('',(0.0220572852393221,0.012734779570515,0.00163802404700562));
#1252=CARTESIAN_POINT('',(0.0220572852393221,2.70123837662159E-18,0.00147135738033896));
#1253=CARTESIAN_POINT('',(0.0220572852393221,-0.012734779570515,0.00130469071367229));
#1254=CARTESIAN_POINT('',(0.0110286426196611,-0.0191021693557724,0.00113802404700562));
#1255=CARTESIAN_POINT('',(4.67868211166348E-18,-0.0254695591410299,0.000971357380338958));
#1256=CARTESIAN_POINT('',(-0.011028642619661,-0.0191021693557724,0.000804690713672291));
#1257=CARTESIAN_POINT('',(-0.0220572852393221,-0.012734779570515,0.000638024047005625));
#1258=CARTESIAN_POINT('',(-0.0220572852393221,0.,0.000471357380338958));
#1259=CARTESIAN_POINT('',(-0.0220572852393221,0.012734779570515,0.000304690713672291));
#1260=CARTESIAN_POINT('',(-0.011028642619661,0.0191021693557724,0.000138024047005625));
#1261=CARTESIAN_POINT('',(-0.00440054461406194,0.0229289035235203,3.78591365057743E-5));
#1262=CARTESIAN_POINT('',(0.00317330544253991,0.0218278254688176,-7.65981350098178E-5));
#1263=CARTESIAN_POINT('',(-0.0220572852393221,0.,0.00452864261966105));
#1264=CARTESIAN_POINT('',(-0.0220572852393221,0.012734779570515,0.00436197595299438));
#1265=CARTESIAN_POINT('',(-0.011028642619661,0.0191021693557724,0.00419530928632772));
#1266=CARTESIAN_POINT('',(-1.55956070388783E-18,0.0254695591410299,0.00402864261966105));
#1267=CARTESIAN_POINT('',(0.011028642619661,0.0191021693557724,0.00386197595299438));
#1268=CARTESIAN_POINT('',(0.0220572852393221,0.012734779570515,0.00369530928632771));
#1269=CARTESIAN_POINT('',(0.0220572852393221,2.70123837662159E-18,0.00352864261966105));
#1270=CARTESIAN_POINT('',(0.0220572852393221,-0.012734779570515,0.00336197595299438));
#1271=CARTESIAN_POINT('',(0.0110286426196611,-0.0191021693557724,0.00319530928632771));
#1272=CARTESIAN_POINT('',(4.67868211166348E-18,-0.0254695591410299,0.00302864261966105));
#1273=CARTESIAN_POINT('',(-0.011028642619661,-0.0191021693557724,0.00286197595299438));
#1274=CARTESIAN_POINT('',(-0.0220572852393221,-0.012734779570515,0.00269530928632771));
#1275=CARTESIAN_POINT('',(-0.0220572852393221,-5.40247675324319E-18,0.00252864261966105));
#1276=CARTESIAN_POINT('',(-0.0220572852393221,0.0127347795705149,0.00236197595299438));
#1277=CARTESIAN_POINT('',(-0.0110286426196611,0.0191021693557724,0.00219530928632771));
#1278=CARTESIAN_POINT('',(-3.0419316307778E-17,0.0254695591410299,0.00202864261966105));
#1279=CARTESIAN_POINT('',(0.011028642619661,0.0191021693557724,0.00186197595299438));
#1280=CARTESIAN_POINT('',(0.0220572852393221,0.012734779570515,0.00169530928632771));
#1281=CARTESIAN_POINT('',(0.0220572852393221,8.10371512986479E-18,0.00152864261966105));
#1282=CARTESIAN_POINT('',(0.0220572852393221,-0.0127347795705149,0.00136197595299438));
#1283=CARTESIAN_POINT('',(0.0110286426196611,-0.0191021693557724,0.00119530928632771));
#1284=CARTESIAN_POINT('',(1.09169249272148E-17,-0.0254695591410299,0.00102864261966105));
#1285=CARTESIAN_POINT('',(-0.011028642619661,-0.0191021693557724,0.000861975952994381));
#1286=CARTESIAN_POINT('',(-0.0220572852393221,-0.012734779570515,0.000695309286327715));
#1287=CARTESIAN_POINT('',(-0.0220572852393221,-1.08049535064864E-17,0.000528642619661048));
#1288=CARTESIAN_POINT('',(-0.0220572852393221,0.0127347795705149,0.000361975952994381));
#1289=CARTESIAN_POINT('',(-0.0110286426196611,0.0191021693557724,0.000195309286327715));
#1290=CARTESIAN_POINT('',(-5.92790719116681E-17,0.0254695591410299,2.86426196610479E-5));
#1291=CARTESIAN_POINT('',(0.011028642619661,0.0191021693557724,-0.000138024047005619));
#1292=CARTESIAN_POINT('',(0.0220572852393221,0.012734779570515,-0.000304690713672286));
#1293=CARTESIAN_POINT('',(0.0220572852393221,5.268780137658E-17,-0.000471357380338953));
#1294=CARTESIAN_POINT('',(0.0220572852393221,-0.0127347795705149,-0.000638024047005619));
#1295=CARTESIAN_POINT('',(0.0110286426196611,-0.0191021693557724,-0.000804690713672286));
#1296=CARTESIAN_POINT('',(6.23981933194438E-17,-0.0254695591410299,-0.000971357380338952));
#1297=CARTESIAN_POINT('',(-0.011028642619661,-0.0191021693557725,-0.00113802404700562));
#1298=CARTESIAN_POINT('',(-0.022057285239322,-0.0127347795705151,-0.00130469071367228));
#1299=CARTESIAN_POINT('',(-0.0220572852393221,-1.62074302597296E-17,-0.00147135738033895));
#1300=CARTESIAN_POINT('',(-0.0220572852393221,0.0127347795705149,-0.00163802404700562));
#1301=CARTESIAN_POINT('',(-0.0110286426196611,0.0191021693557724,-0.00180469071367228));
#1302=CARTESIAN_POINT('',(-6.55173147272194E-17,0.0254695591410299,-0.00197135738033895));
#1303=CARTESIAN_POINT('',(0.011028642619661,0.0191021693557725,-0.00213802404700562));
#1304=CARTESIAN_POINT('',(0.022057285239322,0.0127347795705151,-0.00230469071367228));
#1305=CARTESIAN_POINT('',(0.0220572852393221,1.89086686363512E-17,-0.00247135738033896));
#1306=CARTESIAN_POINT('',(0.0220572852393221,-0.0127347795705149,-0.00263802404700562));
#1307=CARTESIAN_POINT('',(0.0110286426196611,-0.0191021693557724,-0.00280469071367229));
#1308=CARTESIAN_POINT('',(6.86364361349951E-17,-0.0254695591410299,-0.00297135738033895));
#1309=CARTESIAN_POINT('',(-0.011028642619661,-0.0191021693557725,-0.00313802404700562));
#1310=CARTESIAN_POINT('',(-0.022057285239322,-0.0127347795705151,-0.00330469071367228));
#1311=CARTESIAN_POINT('',(-0.0220572852393221,-2.16099070129727E-17,-0.00347135738033895));
#1312=CARTESIAN_POINT('',(-0.00169761165504032,-0.0229372647599637,0.0039467543128746));
#1313=CARTESIAN_POINT('',(-0.00694403616296945,-0.0225489712347699,0.00387071917507853));
#1314=CARTESIAN_POINT('',(-0.0115,-0.0199185842870421,0.00380469071367229));
#1315=CARTESIAN_POINT('',(-0.023,-0.0132790561913614,0.00363802404700562));
#1316=CARTESIAN_POINT('',(-0.023,0.,0.00347135738033895));
#1317=CARTESIAN_POINT('',(-0.023,0.0132790561913614,0.00330469071367229));
#1318=CARTESIAN_POINT('',(-0.0115,0.0199185842870421,0.00313802404700562));
#1319=CARTESIAN_POINT('',(-1.62621536604486E-18,0.0265581123827228,0.00297135738033895));
#1320=CARTESIAN_POINT('',(0.0115,0.0199185842870421,0.00280469071367229));
#1321=CARTESIAN_POINT('',(0.023,0.0132790561913614,0.00263802404700562));
#1322=CARTESIAN_POINT('',(0.023,2.81668763803891E-18,0.00247135738033896));
#1323=CARTESIAN_POINT('',(0.023,-0.0132790561913614,0.00230469071367229));
#1324=CARTESIAN_POINT('',(0.0115,-0.0199185842870421,0.00213802404700562));
#1325=CARTESIAN_POINT('',(4.87864609813457E-18,-0.0265581123827228,0.00197135738033896));
#1326=CARTESIAN_POINT('',(-0.0115,-0.0199185842870421,0.00180469071367229));
#1327=CARTESIAN_POINT('',(-0.023,-0.0132790561913614,0.00163802404700562));
#1328=CARTESIAN_POINT('',(-0.023,0.,0.00147135738033896));
#1329=CARTESIAN_POINT('',(-0.023,0.0132790561913614,0.00130469071367229));
#1330=CARTESIAN_POINT('',(-0.0115,0.0199185842870421,0.00113802404700562));
#1331=CARTESIAN_POINT('',(-1.62621536604486E-18,0.0265581123827228,0.000971357380338956));
#1332=CARTESIAN_POINT('',(0.0115,0.0199185842870421,0.00080469071367229));
#1333=CARTESIAN_POINT('',(0.023,0.0132790561913614,0.000638024047005622));
#1334=CARTESIAN_POINT('',(0.023,2.81668763803891E-18,0.000471357380338956));
#1335=CARTESIAN_POINT('',(0.023,-0.0132790561913614,0.00030469071367229));
#1336=CARTESIAN_POINT('',(0.0115,-0.0199185842870421,0.000138024047005623));
#1337=CARTESIAN_POINT('',(0.00627296841379872,-0.0229364123803981,6.22699660461842E-5));
#1338=CARTESIAN_POINT('',(0.000237634385131022,-0.0229987723563455,-2.51986430649418E-5));
#1339=CARTESIAN_POINT('',(-0.00162803063047051,-0.021997121366103,0.00300403955219669));
#1340=CARTESIAN_POINT('',(-0.00665941679820802,-0.0216247430599386,0.00292800441440062));
#1341=CARTESIAN_POINT('',(-0.011028642619661,-0.0191021693557724,0.00286197595299438));
#1342=CARTESIAN_POINT('',(-0.0220572852393221,-0.012734779570515,0.00269530928632771));
#1343=CARTESIAN_POINT('',(-0.0220572852393221,0.,0.00252864261966105));
#1344=CARTESIAN_POINT('',(-0.0220572852393221,0.012734779570515,0.00236197595299438));
#1345=CARTESIAN_POINT('',(-0.011028642619661,0.0191021693557724,0.00219530928632771));
#1346=CARTESIAN_POINT('',(-1.55956070388783E-18,0.0254695591410299,0.00202864261966105));
#1347=CARTESIAN_POINT('',(0.011028642619661,0.0191021693557724,0.00186197595299438));
#1348=CARTESIAN_POINT('',(0.0220572852393221,0.012734779570515,0.00169530928632771));
#1349=CARTESIAN_POINT('',(0.0220572852393221,2.70123837662159E-18,0.00152864261966105));
#1350=CARTESIAN_POINT('',(0.0220572852393221,-0.012734779570515,0.00136197595299438));
#1351=CARTESIAN_POINT('',(0.0110286426196611,-0.0191021693557724,0.00119530928632771));
#1352=CARTESIAN_POINT('',(4.67868211166348E-18,-0.0254695591410299,0.00102864261966105));
#1353=CARTESIAN_POINT('',(-0.011028642619661,-0.0191021693557724,0.000861975952994382));
#1354=CARTESIAN_POINT('',(-0.0220572852393221,-0.012734779570515,0.000695309286327716));
#1355=CARTESIAN_POINT('',(-0.0220572852393221,0.,0.000528642619661048));
#1356=CARTESIAN_POINT('',(-0.0220572852393221,0.012734779570515,0.000361975952994382));
#1357=CARTESIAN_POINT('',(-0.011028642619661,0.0191021693557724,0.000195309286327715));
#1358=CARTESIAN_POINT('',(-1.55956070388783E-18,0.0254695591410299,2.86426196610487E-5));
#1359=CARTESIAN_POINT('',(0.011028642619661,0.0191021693557724,-0.000138024047005618));
#1360=CARTESIAN_POINT('',(0.0220572852393221,0.012734779570515,-0.000304690713672285));
#1361=CARTESIAN_POINT('',(0.0220572852393221,2.70123837662159E-18,-0.000471357380338952));
#1362=CARTESIAN_POINT('',(0.0220572852393221,-0.012734779570515,-0.000638024047005618));
#1363=CARTESIAN_POINT('',(0.0110286426196611,-0.0191021693557724,-0.000804690713672285));
#1364=CARTESIAN_POINT('',(0.00601585450436593,-0.0219963039235286,-0.000880444794631724));
#1365=CARTESIAN_POINT('',(0.00022789432241331,-0.0220561079138326,-0.00096791340374285));
#1366=CARTESIAN_POINT('',(0.,0.,-0.0216));
#1367=MECHANICAL_DESIGN_GEOMETRIC_PRESENTATION_REPRESENTATION('',(#270),
#1369);
#1368=MECHANICAL_DESIGN_GEOMETRIC_PRESENTATION_REPRESENTATION('',(#271),
#1370);
#1369=(
GEOMETRIC_REPRESENTATION_CONTEXT(3)
GLOBAL_UNCERTAINTY_ASSIGNED_CONTEXT((#1371))
GLOBAL_UNIT_ASSIGNED_CONTEXT((#1377,#1375,#1373))
REPRESENTATION_CONTEXT('lid','TOP_LEVEL_ASSEMBLY_PART')
);
#1370=(
GEOMETRIC_REPRESENTATION_CONTEXT(3)
GLOBAL_UNCERTAINTY_ASSIGNED_CONTEXT((#1372))
GLOBAL_UNIT_ASSIGNED_CONTEXT((#1378,#1376,#1374))
REPRESENTATION_CONTEXT('container','TOP_LEVEL_ASSEMBLY_PART')
);
#1371=UNCERTAINTY_MEASURE_WITH_UNIT(LENGTH_MEASURE(2.E-5),#1377,
'DISTANCE_ACCURACY_VALUE','Maximum Tolerance applied to model');
#1372=UNCERTAINTY_MEASURE_WITH_UNIT(LENGTH_MEASURE(2.E-5),#1378,
'DISTANCE_ACCURACY_VALUE','Maximum Tolerance applied to model');
#1373=(
NAMED_UNIT(*)
SI_UNIT($,.STERADIAN.)
SOLID_ANGLE_UNIT()
);
#1374=(
NAMED_UNIT(*)
SI_UNIT($,.STERADIAN.)
SOLID_ANGLE_UNIT()
);
#1375=(
NAMED_UNIT(*)
PLANE_ANGLE_UNIT()
SI_UNIT($,.RADIAN.)
);
#1376=(
NAMED_UNIT(*)
PLANE_ANGLE_UNIT()
SI_UNIT($,.RADIAN.)
);
#1377=(
LENGTH_UNIT()
NAMED_UNIT(*)
SI_UNIT($,.METRE.)
);
#1378=(
LENGTH_UNIT()
NAMED_UNIT(*)
SI_UNIT($,.METRE.)
);
#1379=PRODUCT_DEFINITION_SHAPE('','',#1381);
#1380=PRODUCT_DEFINITION_SHAPE('','',#1382);
#1381=PRODUCT_DEFINITION('','',#1385,#1383);
#1382=PRODUCT_DEFINITION('','',#1386,#1384);
#1383=PRODUCT_DEFINITION_CONTEXT('',#1397,'design');
#1384=PRODUCT_DEFINITION_CONTEXT('',#1398,'design');
#1385=PRODUCT_DEFINITION_FORMATION_WITH_SPECIFIED_SOURCE('','',#1389,
 .NOT_KNOWN.);
#1386=PRODUCT_DEFINITION_FORMATION_WITH_SPECIFIED_SOURCE('','',#1390,
 .NOT_KNOWN.);
#1387=PRODUCT_RELATED_PRODUCT_CATEGORY('','',(#1389));
#1388=PRODUCT_RELATED_PRODUCT_CATEGORY('','',(#1390));
#1389=PRODUCT('lid','lid','lid',(#1393));
#1390=PRODUCT('container','container','container',(#1394));
#1391=PRODUCT_CATEGORY('','');
#1392=PRODUCT_CATEGORY('','');
#1393=PRODUCT_CONTEXT('',#1397,'mechanical');
#1394=PRODUCT_CONTEXT('',#1398,'mechanical');
#1395=APPLICATION_PROTOCOL_DEFINITION('international standard',
'ap242_managed_model_based_3d_engineering',2020,#1397);
#1396=APPLICATION_PROTOCOL_DEFINITION('international standard',
'ap242_managed_model_based_3d_engineering',2020,#1398);
#1397=APPLICATION_CONTEXT('managed model based 3d engineering');
#1398=APPLICATION_CONTEXT('managed model based 3d engineering');
ENDSEC;
END-ISO-10303-21;
