ISO-10303-21;
HEADER;
/* Generated by software containing ST-Developer
 * from STEP Tools, Inc. (www.steptools.com) 
 */
/* OPTION: using custom renumber hook */

FILE_DESCRIPTION(
/* description */ ('STEP AP242 Edition 2',
'CAx-IF Rec.Pracs.---Representation and Presentation of Product Manufa
cturing Information (PMI)---4.0---2014-10-13',
'CAx-IF Rec.Pracs.---3D Tessellated Geometry---0.4---2014-09-14','2;1',
'CAx-IF Rec.Pracs.---User Defined Attributes---1.5---2016-08-15'),
/* implementation_level */ '2;1');

FILE_NAME(
/* name */ 'Part Studio 1 - knob',
/* time_stamp */ '2026-09-16T10:08:51Z',
/* author */ (''),
/* organization */ (''),
/* preprocessor_version */ 'ST-DEVELOPER v20',
/* originating_system */ 'ONSHAPE BY PTC INC, 1.220',
/* authorisation */ '  ');

FILE_SCHEMA (('AP242_MANAGED_MODEL_BASED_3D_ENGINEERING_MIM_LF { 1 0 10303 442 3 1 4 }'));
ENDSEC;

DATA;
#10=SHAPE_REPRESENTATION_RELATIONSHIP('','',#1514,#11);
#11=ADVANCED_BREP_SHAPE_REPRESENTATION('',(#1512),#2605);
#12=SPHERICAL_SURFACE('',#1564,0.02);
#13=SPHERICAL_SURFACE('',#1568,0.02);
#14=TOROIDAL_SURFACE('',#1562,0.0160416666666666,0.00804166666666666);
#15=TOROIDAL_SURFACE('',#1566,0.0137477270848675,0.003);
#16=CYLINDRICAL_SURFACE('',#1560,0.008);
#17=CYLINDRICAL_SURFACE('',#1570,0.000696152422706632);
#18=CYLINDRICAL_SURFACE('',#1573,0.000696152422706632);
#19=CYLINDRICAL_SURFACE('',#1575,0.000696152422706632);
#20=CYLINDRICAL_SURFACE('',#1579,0.000696152422706633);
#21=CYLINDRICAL_SURFACE('',#1581,0.000696152422706633);
#22=CYLINDRICAL_SURFACE('',#1585,0.000696152422706632);
#23=CYLINDRICAL_SURFACE('',#1624,5.E-5);
#24=CYLINDRICAL_SURFACE('',#1626,5.E-5);
#25=CYLINDRICAL_SURFACE('',#1628,5.E-5);
#26=CYLINDRICAL_SURFACE('',#1629,5.E-5);
#27=CYLINDRICAL_SURFACE('',#1631,5.E-5);
#28=CYLINDRICAL_SURFACE('',#1633,5.E-5);
#29=CYLINDRICAL_SURFACE('',#1634,5.E-5);
#30=CYLINDRICAL_SURFACE('',#1635,5.E-5);
#31=CYLINDRICAL_SURFACE('',#1638,5.E-5);
#32=CYLINDRICAL_SURFACE('',#1639,5.E-5);
#33=CYLINDRICAL_SURFACE('',#1641,5.E-5);
#34=CYLINDRICAL_SURFACE('',#1643,5.E-5);
#35=CYLINDRICAL_SURFACE('',#1644,5.E-5);
#36=CYLINDRICAL_SURFACE('',#1646,5.E-5);
#37=CYLINDRICAL_SURFACE('',#1648,5.E-5);
#38=CYLINDRICAL_SURFACE('',#1649,5.E-5);
#39=CYLINDRICAL_SURFACE('',#1651,5.E-5);
#40=CYLINDRICAL_SURFACE('',#1653,5.E-5);
#41=CYLINDRICAL_SURFACE('',#1654,5.E-5);
#42=CYLINDRICAL_SURFACE('',#1655,5.E-5);
#43=CYLINDRICAL_SURFACE('',#1658,5.E-5);
#44=CYLINDRICAL_SURFACE('',#1659,5.E-5);
#45=CYLINDRICAL_SURFACE('',#1661,5.E-5);
#46=CYLINDRICAL_SURFACE('',#1663,5.E-5);
#47=CYLINDRICAL_SURFACE('',#1664,5.E-5);
#48=CYLINDRICAL_SURFACE('',#1666,5.E-5);
#49=CYLINDRICAL_SURFACE('',#1668,5.E-5);
#50=CYLINDRICAL_SURFACE('',#1669,5.E-5);
#51=CYLINDRICAL_SURFACE('',#1671,5.E-5);
#52=CYLINDRICAL_SURFACE('',#1673,5.E-5);
#53=CYLINDRICAL_SURFACE('',#1674,5.E-5);
#54=CYLINDRICAL_SURFACE('',#1675,5.E-5);
#55=CYLINDRICAL_SURFACE('',#1678,5.E-5);
#56=CYLINDRICAL_SURFACE('',#1679,5.E-5);
#57=CYLINDRICAL_SURFACE('',#1681,5.E-5);
#58=CYLINDRICAL_SURFACE('',#1683,5.E-5);
#59=LINE('',#2163,#191);
#60=LINE('',#2167,#192);
#61=LINE('',#2171,#193);
#62=LINE('',#2175,#194);
#63=LINE('',#2179,#195);
#64=LINE('',#2183,#196);
#65=LINE('',#2187,#197);
#66=LINE('',#2191,#198);
#67=LINE('',#2199,#199);
#68=LINE('',#2203,#200);
#69=LINE('',#2211,#201);
#70=LINE('',#2215,#202);
#71=LINE('',#2219,#203);
#72=LINE('',#2223,#204);
#73=LINE('',#2227,#205);
#74=LINE('',#2231,#206);
#75=LINE('',#2235,#207);
#76=LINE('',#2239,#208);
#77=LINE('',#2247,#209);
#78=LINE('',#2251,#210);
#79=LINE('',#2259,#211);
#80=LINE('',#2263,#212);
#81=LINE('',#2267,#213);
#82=LINE('',#2271,#214);
#83=LINE('',#2275,#215);
#84=LINE('',#2279,#216);
#85=LINE('',#2283,#217);
#86=LINE('',#2287,#218);
#87=LINE('',#2295,#219);
#88=LINE('',#2299,#220);
#89=LINE('',#2316,#221);
#90=LINE('',#2318,#222);
#91=LINE('',#2320,#223);
#92=LINE('',#2322,#224);
#93=LINE('',#2326,#225);
#94=LINE('',#2328,#226);
#95=LINE('',#2330,#227);
#96=LINE('',#2332,#228);
#97=LINE('',#2337,#229);
#98=LINE('',#2338,#230);
#99=LINE('',#2343,#231);
#100=LINE('',#2344,#232);
#101=LINE('',#2346,#233);
#102=LINE('',#2348,#234);
#103=LINE('',#2350,#235);
#104=LINE('',#2352,#236);
#105=LINE('',#2354,#237);
#106=LINE('',#2356,#238);
#107=LINE('',#2361,#239);
#108=LINE('',#2362,#240);
#109=LINE('',#2367,#241);
#110=LINE('',#2368,#242);
#111=LINE('',#2370,#243);
#112=LINE('',#2372,#244);
#113=LINE('',#2374,#245);
#114=LINE('',#2376,#246);
#115=LINE('',#2378,#247);
#116=LINE('',#2380,#248);
#117=LINE('',#2385,#249);
#118=LINE('',#2386,#250);
#119=LINE('',#2390,#251);
#120=LINE('',#2394,#252);
#121=LINE('',#2399,#253);
#122=LINE('',#2403,#254);
#123=LINE('',#2408,#255);
#124=LINE('',#2412,#256);
#125=LINE('',#2417,#257);
#126=LINE('',#2421,#258);
#127=LINE('',#2426,#259);
#128=LINE('',#2430,#260);
#129=LINE('',#2435,#261);
#130=LINE('',#2439,#262);
#131=LINE('',#2444,#263);
#132=LINE('',#2448,#264);
#133=LINE('',#2453,#265);
#134=LINE('',#2457,#266);
#135=LINE('',#2462,#267);
#136=LINE('',#2466,#268);
#137=LINE('',#2471,#269);
#138=LINE('',#2475,#270);
#139=LINE('',#2480,#271);
#140=LINE('',#2484,#272);
#141=LINE('',#2489,#273);
#142=LINE('',#2493,#274);
#143=LINE('',#2497,#275);
#144=LINE('',#2499,#276);
#145=LINE('',#2501,#277);
#146=LINE('',#2503,#278);
#147=LINE('',#2506,#279);
#148=LINE('',#2508,#280);
#149=LINE('',#2510,#281);
#150=LINE('',#2512,#282);
#151=LINE('',#2515,#283);
#152=LINE('',#2517,#284);
#153=LINE('',#2519,#285);
#154=LINE('',#2521,#286);
#155=LINE('',#2524,#287);
#156=LINE('',#2526,#288);
#157=LINE('',#2527,#289);
#158=LINE('',#2530,#290);
#159=LINE('',#2533,#291);
#160=LINE('',#2535,#292);
#161=LINE('',#2537,#293);
#162=LINE('',#2539,#294);
#163=LINE('',#2542,#295);
#164=LINE('',#2544,#296);
#165=LINE('',#2546,#297);
#166=LINE('',#2548,#298);
#167=LINE('',#2551,#299);
#168=LINE('',#2553,#300);
#169=LINE('',#2555,#301);
#170=LINE('',#2557,#302);
#171=LINE('',#2560,#303);
#172=LINE('',#2562,#304);
#173=LINE('',#2563,#305);
#174=LINE('',#2566,#306);
#175=LINE('',#2569,#307);
#176=LINE('',#2571,#308);
#177=LINE('',#2573,#309);
#178=LINE('',#2575,#310);
#179=LINE('',#2578,#311);
#180=LINE('',#2580,#312);
#181=LINE('',#2582,#313);
#182=LINE('',#2584,#314);
#183=LINE('',#2587,#315);
#184=LINE('',#2589,#316);
#185=LINE('',#2591,#317);
#186=LINE('',#2593,#318);
#187=LINE('',#2596,#319);
#188=LINE('',#2598,#320);
#189=LINE('',#2599,#321);
#190=LINE('',#2602,#322);
#191=VECTOR('',#1694,1.);
#192=VECTOR('',#1697,1.);
#193=VECTOR('',#1700,1.);
#194=VECTOR('',#1703,1.);
#195=VECTOR('',#1706,1.);
#196=VECTOR('',#1709,1.);
#197=VECTOR('',#1712,1.);
#198=VECTOR('',#1715,1.);
#199=VECTOR('',#1722,1.);
#200=VECTOR('',#1725,1.);
#201=VECTOR('',#1732,1.);
#202=VECTOR('',#1735,1.);
#203=VECTOR('',#1738,1.);
#204=VECTOR('',#1741,1.);
#205=VECTOR('',#1744,1.);
#206=VECTOR('',#1747,1.);
#207=VECTOR('',#1750,1.);
#208=VECTOR('',#1753,1.);
#209=VECTOR('',#1760,1.);
#210=VECTOR('',#1763,1.);
#211=VECTOR('',#1770,1.);
#212=VECTOR('',#1773,1.);
#213=VECTOR('',#1776,1.);
#214=VECTOR('',#1779,1.);
#215=VECTOR('',#1782,1.);
#216=VECTOR('',#1785,1.);
#217=VECTOR('',#1788,1.);
#218=VECTOR('',#1791,1.);
#219=VECTOR('',#1798,1.);
#220=VECTOR('',#1801,1.);
#221=VECTOR('',#1824,1.);
#222=VECTOR('',#1825,1.);
#223=VECTOR('',#1826,1.);
#224=VECTOR('',#1829,1.);
#225=VECTOR('',#1832,1.);
#226=VECTOR('',#1835,1.);
#227=VECTOR('',#1836,1.);
#228=VECTOR('',#1837,1.);
#229=VECTOR('',#1842,1.);
#230=VECTOR('',#1843,1.);
#231=VECTOR('',#1848,1.);
#232=VECTOR('',#1849,1.);
#233=VECTOR('',#1852,1.);
#234=VECTOR('',#1853,1.);
#235=VECTOR('',#1854,1.);
#236=VECTOR('',#1857,1.);
#237=VECTOR('',#1858,1.);
#238=VECTOR('',#1859,1.);
#239=VECTOR('',#1864,1.);
#240=VECTOR('',#1865,1.);
#241=VECTOR('',#1870,1.);
#242=VECTOR('',#1871,1.);
#243=VECTOR('',#1874,1.);
#244=VECTOR('',#1875,1.);
#245=VECTOR('',#1876,1.);
#246=VECTOR('',#1879,1.);
#247=VECTOR('',#1880,1.);
#248=VECTOR('',#1881,1.);
#249=VECTOR('',#1886,1.);
#250=VECTOR('',#1887,1.);
#251=VECTOR('',#1892,1.);
#252=VECTOR('',#1895,1.);
#253=VECTOR('',#1900,1.);
#254=VECTOR('',#1903,1.);
#255=VECTOR('',#1908,1.);
#256=VECTOR('',#1911,1.);
#257=VECTOR('',#1916,1.);
#258=VECTOR('',#1919,1.);
#259=VECTOR('',#1924,1.);
#260=VECTOR('',#1927,1.);
#261=VECTOR('',#1932,1.);
#262=VECTOR('',#1935,1.);
#263=VECTOR('',#1940,1.);
#264=VECTOR('',#1943,1.);
#265=VECTOR('',#1948,1.);
#266=VECTOR('',#1951,1.);
#267=VECTOR('',#1956,1.);
#268=VECTOR('',#1959,1.);
#269=VECTOR('',#1964,1.);
#270=VECTOR('',#1967,1.);
#271=VECTOR('',#1972,1.);
#272=VECTOR('',#1975,1.);
#273=VECTOR('',#1980,1.);
#274=VECTOR('',#1983,1.);
#275=VECTOR('',#1988,1.);
#276=VECTOR('',#1991,1.);
#277=VECTOR('',#1994,1.);
#278=VECTOR('',#1997,1.);
#279=VECTOR('',#2002,1.);
#280=VECTOR('',#2005,1.);
#281=VECTOR('',#2008,1.);
#282=VECTOR('',#2011,1.);
#283=VECTOR('',#2016,1.);
#284=VECTOR('',#2019,1.);
#285=VECTOR('',#2022,1.);
#286=VECTOR('',#2025,1.);
#287=VECTOR('',#2030,1.);
#288=VECTOR('',#2033,1.);
#289=VECTOR('',#2034,1.);
#290=VECTOR('',#2039,1.);
#291=VECTOR('',#2044,1.);
#292=VECTOR('',#2047,1.);
#293=VECTOR('',#2050,1.);
#294=VECTOR('',#2053,1.);
#295=VECTOR('',#2058,1.);
#296=VECTOR('',#2061,1.);
#297=VECTOR('',#2064,1.);
#298=VECTOR('',#2067,1.);
#299=VECTOR('',#2072,1.);
#300=VECTOR('',#2075,1.);
#301=VECTOR('',#2078,1.);
#302=VECTOR('',#2081,1.);
#303=VECTOR('',#2086,1.);
#304=VECTOR('',#2089,1.);
#305=VECTOR('',#2090,1.);
#306=VECTOR('',#2095,1.);
#307=VECTOR('',#2100,1.);
#308=VECTOR('',#2103,1.);
#309=VECTOR('',#2106,1.);
#310=VECTOR('',#2109,1.);
#311=VECTOR('',#2114,1.);
#312=VECTOR('',#2117,1.);
#313=VECTOR('',#2120,1.);
#314=VECTOR('',#2123,1.);
#315=VECTOR('',#2128,1.);
#316=VECTOR('',#2131,1.);
#317=VECTOR('',#2134,1.);
#318=VECTOR('',#2137,1.);
#319=VECTOR('',#2142,1.);
#320=VECTOR('',#2145,1.);
#321=VECTOR('',#2146,1.);
#322=VECTOR('',#2151,1.);
#323=ORIENTED_EDGE('',*,*,#765,.F.);
#324=ORIENTED_EDGE('',*,*,#766,.F.);
#325=ORIENTED_EDGE('',*,*,#767,.T.);
#326=ORIENTED_EDGE('',*,*,#768,.T.);
#327=ORIENTED_EDGE('',*,*,#769,.T.);
#328=ORIENTED_EDGE('',*,*,#770,.F.);
#329=ORIENTED_EDGE('',*,*,#771,.T.);
#330=ORIENTED_EDGE('',*,*,#772,.T.);
#331=ORIENTED_EDGE('',*,*,#773,.T.);
#332=ORIENTED_EDGE('',*,*,#774,.T.);
#333=ORIENTED_EDGE('',*,*,#775,.T.);
#334=ORIENTED_EDGE('',*,*,#776,.F.);
#335=ORIENTED_EDGE('',*,*,#777,.T.);
#336=ORIENTED_EDGE('',*,*,#778,.T.);
#337=ORIENTED_EDGE('',*,*,#779,.T.);
#338=ORIENTED_EDGE('',*,*,#780,.T.);
#339=ORIENTED_EDGE('',*,*,#781,.T.);
#340=ORIENTED_EDGE('',*,*,#782,.F.);
#341=ORIENTED_EDGE('',*,*,#783,.T.);
#342=ORIENTED_EDGE('',*,*,#784,.F.);
#343=ORIENTED_EDGE('',*,*,#785,.T.);
#344=ORIENTED_EDGE('',*,*,#786,.T.);
#345=ORIENTED_EDGE('',*,*,#787,.T.);
#346=ORIENTED_EDGE('',*,*,#788,.F.);
#347=ORIENTED_EDGE('',*,*,#789,.T.);
#348=ORIENTED_EDGE('',*,*,#790,.F.);
#349=ORIENTED_EDGE('',*,*,#791,.T.);
#350=ORIENTED_EDGE('',*,*,#792,.T.);
#351=ORIENTED_EDGE('',*,*,#793,.T.);
#352=ORIENTED_EDGE('',*,*,#794,.F.);
#353=ORIENTED_EDGE('',*,*,#795,.T.);
#354=ORIENTED_EDGE('',*,*,#796,.T.);
#355=ORIENTED_EDGE('',*,*,#797,.T.);
#356=ORIENTED_EDGE('',*,*,#798,.T.);
#357=ORIENTED_EDGE('',*,*,#799,.T.);
#358=ORIENTED_EDGE('',*,*,#800,.F.);
#359=ORIENTED_EDGE('',*,*,#801,.T.);
#360=ORIENTED_EDGE('',*,*,#802,.T.);
#361=ORIENTED_EDGE('',*,*,#803,.T.);
#362=ORIENTED_EDGE('',*,*,#804,.T.);
#363=ORIENTED_EDGE('',*,*,#805,.T.);
#364=ORIENTED_EDGE('',*,*,#806,.F.);
#365=ORIENTED_EDGE('',*,*,#807,.T.);
#366=ORIENTED_EDGE('',*,*,#808,.F.);
#367=ORIENTED_EDGE('',*,*,#809,.T.);
#368=ORIENTED_EDGE('',*,*,#810,.T.);
#369=ORIENTED_EDGE('',*,*,#811,.T.);
#370=ORIENTED_EDGE('',*,*,#812,.F.);
#371=ORIENTED_EDGE('',*,*,#813,.T.);
#372=ORIENTED_EDGE('',*,*,#814,.F.);
#373=ORIENTED_EDGE('',*,*,#815,.T.);
#374=ORIENTED_EDGE('',*,*,#816,.T.);
#375=ORIENTED_EDGE('',*,*,#817,.T.);
#376=ORIENTED_EDGE('',*,*,#818,.F.);
#377=ORIENTED_EDGE('',*,*,#819,.T.);
#378=ORIENTED_EDGE('',*,*,#820,.T.);
#379=ORIENTED_EDGE('',*,*,#821,.T.);
#380=ORIENTED_EDGE('',*,*,#822,.T.);
#381=ORIENTED_EDGE('',*,*,#823,.T.);
#382=ORIENTED_EDGE('',*,*,#824,.F.);
#383=ORIENTED_EDGE('',*,*,#825,.T.);
#384=ORIENTED_EDGE('',*,*,#826,.T.);
#385=ORIENTED_EDGE('',*,*,#827,.T.);
#386=ORIENTED_EDGE('',*,*,#828,.T.);
#387=ORIENTED_EDGE('',*,*,#829,.T.);
#388=ORIENTED_EDGE('',*,*,#830,.F.);
#389=ORIENTED_EDGE('',*,*,#831,.T.);
#390=ORIENTED_EDGE('',*,*,#832,.F.);
#391=ORIENTED_EDGE('',*,*,#833,.T.);
#392=ORIENTED_EDGE('',*,*,#834,.T.);
#393=ORIENTED_EDGE('',*,*,#835,.T.);
#394=ORIENTED_EDGE('',*,*,#836,.F.);
#395=ORIENTED_EDGE('',*,*,#837,.T.);
#396=ORIENTED_EDGE('',*,*,#838,.F.);
#397=ORIENTED_EDGE('',*,*,#765,.T.);
#398=ORIENTED_EDGE('',*,*,#838,.T.);
#399=ORIENTED_EDGE('',*,*,#839,.F.);
#400=ORIENTED_EDGE('',*,*,#840,.F.);
#401=ORIENTED_EDGE('',*,*,#839,.T.);
#402=ORIENTED_EDGE('',*,*,#841,.F.);
#403=ORIENTED_EDGE('',*,*,#840,.T.);
#404=ORIENTED_EDGE('',*,*,#841,.T.);
#405=ORIENTED_EDGE('',*,*,#842,.T.);
#406=ORIENTED_EDGE('',*,*,#843,.T.);
#407=ORIENTED_EDGE('',*,*,#844,.T.);
#408=ORIENTED_EDGE('',*,*,#772,.F.);
#409=ORIENTED_EDGE('',*,*,#766,.T.);
#410=ORIENTED_EDGE('',*,*,#845,.F.);
#411=ORIENTED_EDGE('',*,*,#846,.F.);
#412=ORIENTED_EDGE('',*,*,#847,.F.);
#413=ORIENTED_EDGE('',*,*,#848,.T.);
#414=ORIENTED_EDGE('',*,*,#849,.T.);
#415=ORIENTED_EDGE('',*,*,#850,.T.);
#416=ORIENTED_EDGE('',*,*,#778,.F.);
#417=ORIENTED_EDGE('',*,*,#851,.F.);
#418=ORIENTED_EDGE('',*,*,#852,.F.);
#419=ORIENTED_EDGE('',*,*,#784,.T.);
#420=ORIENTED_EDGE('',*,*,#853,.F.);
#421=ORIENTED_EDGE('',*,*,#854,.F.);
#422=ORIENTED_EDGE('',*,*,#855,.F.);
#423=ORIENTED_EDGE('',*,*,#790,.T.);
#424=ORIENTED_EDGE('',*,*,#856,.F.);
#425=ORIENTED_EDGE('',*,*,#857,.T.);
#426=ORIENTED_EDGE('',*,*,#858,.T.);
#427=ORIENTED_EDGE('',*,*,#859,.T.);
#428=ORIENTED_EDGE('',*,*,#796,.F.);
#429=ORIENTED_EDGE('',*,*,#860,.T.);
#430=ORIENTED_EDGE('',*,*,#861,.T.);
#431=ORIENTED_EDGE('',*,*,#862,.T.);
#432=ORIENTED_EDGE('',*,*,#802,.F.);
#433=ORIENTED_EDGE('',*,*,#863,.F.);
#434=ORIENTED_EDGE('',*,*,#864,.F.);
#435=ORIENTED_EDGE('',*,*,#808,.T.);
#436=ORIENTED_EDGE('',*,*,#865,.F.);
#437=ORIENTED_EDGE('',*,*,#866,.F.);
#438=ORIENTED_EDGE('',*,*,#867,.F.);
#439=ORIENTED_EDGE('',*,*,#814,.T.);
#440=ORIENTED_EDGE('',*,*,#868,.F.);
#441=ORIENTED_EDGE('',*,*,#869,.T.);
#442=ORIENTED_EDGE('',*,*,#870,.T.);
#443=ORIENTED_EDGE('',*,*,#871,.T.);
#444=ORIENTED_EDGE('',*,*,#820,.F.);
#445=ORIENTED_EDGE('',*,*,#872,.T.);
#446=ORIENTED_EDGE('',*,*,#873,.T.);
#447=ORIENTED_EDGE('',*,*,#874,.T.);
#448=ORIENTED_EDGE('',*,*,#826,.F.);
#449=ORIENTED_EDGE('',*,*,#875,.F.);
#450=ORIENTED_EDGE('',*,*,#876,.F.);
#451=ORIENTED_EDGE('',*,*,#832,.T.);
#452=ORIENTED_EDGE('',*,*,#877,.F.);
#453=ORIENTED_EDGE('',*,*,#878,.F.);
#454=ORIENTED_EDGE('',*,*,#879,.T.);
#455=ORIENTED_EDGE('',*,*,#880,.F.);
#456=ORIENTED_EDGE('',*,*,#881,.F.);
#457=ORIENTED_EDGE('',*,*,#882,.F.);
#458=ORIENTED_EDGE('',*,*,#846,.T.);
#459=ORIENTED_EDGE('',*,*,#883,.F.);
#460=ORIENTED_EDGE('',*,*,#884,.T.);
#461=ORIENTED_EDGE('',*,*,#885,.F.);
#462=ORIENTED_EDGE('',*,*,#886,.F.);
#463=ORIENTED_EDGE('',*,*,#887,.F.);
#464=ORIENTED_EDGE('',*,*,#875,.T.);
#465=ORIENTED_EDGE('',*,*,#888,.F.);
#466=ORIENTED_EDGE('',*,*,#889,.T.);
#467=ORIENTED_EDGE('',*,*,#890,.F.);
#468=ORIENTED_EDGE('',*,*,#891,.F.);
#469=ORIENTED_EDGE('',*,*,#892,.F.);
#470=ORIENTED_EDGE('',*,*,#873,.F.);
#471=ORIENTED_EDGE('',*,*,#893,.F.);
#472=ORIENTED_EDGE('',*,*,#894,.T.);
#473=ORIENTED_EDGE('',*,*,#895,.F.);
#474=ORIENTED_EDGE('',*,*,#896,.F.);
#475=ORIENTED_EDGE('',*,*,#897,.F.);
#476=ORIENTED_EDGE('',*,*,#870,.F.);
#477=ORIENTED_EDGE('',*,*,#898,.F.);
#478=ORIENTED_EDGE('',*,*,#899,.T.);
#479=ORIENTED_EDGE('',*,*,#900,.F.);
#480=ORIENTED_EDGE('',*,*,#901,.F.);
#481=ORIENTED_EDGE('',*,*,#902,.F.);
#482=ORIENTED_EDGE('',*,*,#866,.T.);
#483=ORIENTED_EDGE('',*,*,#903,.F.);
#484=ORIENTED_EDGE('',*,*,#904,.T.);
#485=ORIENTED_EDGE('',*,*,#905,.F.);
#486=ORIENTED_EDGE('',*,*,#906,.F.);
#487=ORIENTED_EDGE('',*,*,#907,.F.);
#488=ORIENTED_EDGE('',*,*,#863,.T.);
#489=ORIENTED_EDGE('',*,*,#908,.F.);
#490=ORIENTED_EDGE('',*,*,#909,.T.);
#491=ORIENTED_EDGE('',*,*,#910,.F.);
#492=ORIENTED_EDGE('',*,*,#911,.F.);
#493=ORIENTED_EDGE('',*,*,#912,.F.);
#494=ORIENTED_EDGE('',*,*,#861,.F.);
#495=ORIENTED_EDGE('',*,*,#913,.F.);
#496=ORIENTED_EDGE('',*,*,#914,.T.);
#497=ORIENTED_EDGE('',*,*,#915,.F.);
#498=ORIENTED_EDGE('',*,*,#916,.F.);
#499=ORIENTED_EDGE('',*,*,#917,.F.);
#500=ORIENTED_EDGE('',*,*,#858,.F.);
#501=ORIENTED_EDGE('',*,*,#918,.F.);
#502=ORIENTED_EDGE('',*,*,#919,.T.);
#503=ORIENTED_EDGE('',*,*,#920,.F.);
#504=ORIENTED_EDGE('',*,*,#921,.F.);
#505=ORIENTED_EDGE('',*,*,#922,.F.);
#506=ORIENTED_EDGE('',*,*,#854,.T.);
#507=ORIENTED_EDGE('',*,*,#923,.F.);
#508=ORIENTED_EDGE('',*,*,#924,.T.);
#509=ORIENTED_EDGE('',*,*,#925,.F.);
#510=ORIENTED_EDGE('',*,*,#926,.F.);
#511=ORIENTED_EDGE('',*,*,#927,.F.);
#512=ORIENTED_EDGE('',*,*,#851,.T.);
#513=ORIENTED_EDGE('',*,*,#928,.F.);
#514=ORIENTED_EDGE('',*,*,#929,.T.);
#515=ORIENTED_EDGE('',*,*,#930,.F.);
#516=ORIENTED_EDGE('',*,*,#931,.F.);
#517=ORIENTED_EDGE('',*,*,#932,.F.);
#518=ORIENTED_EDGE('',*,*,#849,.F.);
#519=ORIENTED_EDGE('',*,*,#933,.F.);
#520=ORIENTED_EDGE('',*,*,#934,.T.);
#521=ORIENTED_EDGE('',*,*,#935,.F.);
#522=ORIENTED_EDGE('',*,*,#936,.F.);
#523=ORIENTED_EDGE('',*,*,#937,.F.);
#524=ORIENTED_EDGE('',*,*,#843,.F.);
#525=ORIENTED_EDGE('',*,*,#876,.T.);
#526=ORIENTED_EDGE('',*,*,#887,.T.);
#527=ORIENTED_EDGE('',*,*,#938,.T.);
#528=ORIENTED_EDGE('',*,*,#833,.F.);
#529=ORIENTED_EDGE('',*,*,#834,.F.);
#530=ORIENTED_EDGE('',*,*,#938,.F.);
#531=ORIENTED_EDGE('',*,*,#886,.T.);
#532=ORIENTED_EDGE('',*,*,#939,.T.);
#533=ORIENTED_EDGE('',*,*,#845,.T.);
#534=ORIENTED_EDGE('',*,*,#837,.F.);
#535=ORIENTED_EDGE('',*,*,#940,.F.);
#536=ORIENTED_EDGE('',*,*,#883,.T.);
#537=ORIENTED_EDGE('',*,*,#836,.T.);
#538=ORIENTED_EDGE('',*,*,#941,.F.);
#539=ORIENTED_EDGE('',*,*,#884,.F.);
#540=ORIENTED_EDGE('',*,*,#940,.T.);
#541=ORIENTED_EDGE('',*,*,#835,.F.);
#542=ORIENTED_EDGE('',*,*,#939,.F.);
#543=ORIENTED_EDGE('',*,*,#885,.T.);
#544=ORIENTED_EDGE('',*,*,#941,.T.);
#545=ORIENTED_EDGE('',*,*,#892,.T.);
#546=ORIENTED_EDGE('',*,*,#942,.T.);
#547=ORIENTED_EDGE('',*,*,#827,.F.);
#548=ORIENTED_EDGE('',*,*,#874,.F.);
#549=ORIENTED_EDGE('',*,*,#828,.F.);
#550=ORIENTED_EDGE('',*,*,#942,.F.);
#551=ORIENTED_EDGE('',*,*,#891,.T.);
#552=ORIENTED_EDGE('',*,*,#943,.T.);
#553=ORIENTED_EDGE('',*,*,#877,.T.);
#554=ORIENTED_EDGE('',*,*,#831,.F.);
#555=ORIENTED_EDGE('',*,*,#944,.F.);
#556=ORIENTED_EDGE('',*,*,#888,.T.);
#557=ORIENTED_EDGE('',*,*,#830,.T.);
#558=ORIENTED_EDGE('',*,*,#945,.F.);
#559=ORIENTED_EDGE('',*,*,#889,.F.);
#560=ORIENTED_EDGE('',*,*,#944,.T.);
#561=ORIENTED_EDGE('',*,*,#829,.F.);
#562=ORIENTED_EDGE('',*,*,#943,.F.);
#563=ORIENTED_EDGE('',*,*,#890,.T.);
#564=ORIENTED_EDGE('',*,*,#945,.T.);
#565=ORIENTED_EDGE('',*,*,#825,.F.);
#566=ORIENTED_EDGE('',*,*,#946,.F.);
#567=ORIENTED_EDGE('',*,*,#893,.T.);
#568=ORIENTED_EDGE('',*,*,#872,.F.);
#569=ORIENTED_EDGE('',*,*,#897,.T.);
#570=ORIENTED_EDGE('',*,*,#947,.T.);
#571=ORIENTED_EDGE('',*,*,#821,.F.);
#572=ORIENTED_EDGE('',*,*,#871,.F.);
#573=ORIENTED_EDGE('',*,*,#822,.F.);
#574=ORIENTED_EDGE('',*,*,#947,.F.);
#575=ORIENTED_EDGE('',*,*,#896,.T.);
#576=ORIENTED_EDGE('',*,*,#948,.T.);
#577=ORIENTED_EDGE('',*,*,#824,.T.);
#578=ORIENTED_EDGE('',*,*,#949,.F.);
#579=ORIENTED_EDGE('',*,*,#894,.F.);
#580=ORIENTED_EDGE('',*,*,#946,.T.);
#581=ORIENTED_EDGE('',*,*,#823,.F.);
#582=ORIENTED_EDGE('',*,*,#948,.F.);
#583=ORIENTED_EDGE('',*,*,#895,.T.);
#584=ORIENTED_EDGE('',*,*,#949,.T.);
#585=ORIENTED_EDGE('',*,*,#819,.F.);
#586=ORIENTED_EDGE('',*,*,#950,.F.);
#587=ORIENTED_EDGE('',*,*,#898,.T.);
#588=ORIENTED_EDGE('',*,*,#869,.F.);
#589=ORIENTED_EDGE('',*,*,#816,.F.);
#590=ORIENTED_EDGE('',*,*,#951,.F.);
#591=ORIENTED_EDGE('',*,*,#901,.T.);
#592=ORIENTED_EDGE('',*,*,#952,.T.);
#593=ORIENTED_EDGE('',*,*,#867,.T.);
#594=ORIENTED_EDGE('',*,*,#902,.T.);
#595=ORIENTED_EDGE('',*,*,#951,.T.);
#596=ORIENTED_EDGE('',*,*,#815,.F.);
#597=ORIENTED_EDGE('',*,*,#818,.T.);
#598=ORIENTED_EDGE('',*,*,#953,.F.);
#599=ORIENTED_EDGE('',*,*,#899,.F.);
#600=ORIENTED_EDGE('',*,*,#950,.T.);
#601=ORIENTED_EDGE('',*,*,#817,.F.);
#602=ORIENTED_EDGE('',*,*,#952,.F.);
#603=ORIENTED_EDGE('',*,*,#900,.T.);
#604=ORIENTED_EDGE('',*,*,#953,.T.);
#605=ORIENTED_EDGE('',*,*,#864,.T.);
#606=ORIENTED_EDGE('',*,*,#907,.T.);
#607=ORIENTED_EDGE('',*,*,#954,.T.);
#608=ORIENTED_EDGE('',*,*,#809,.F.);
#609=ORIENTED_EDGE('',*,*,#810,.F.);
#610=ORIENTED_EDGE('',*,*,#954,.F.);
#611=ORIENTED_EDGE('',*,*,#906,.T.);
#612=ORIENTED_EDGE('',*,*,#955,.T.);
#613=ORIENTED_EDGE('',*,*,#868,.T.);
#614=ORIENTED_EDGE('',*,*,#813,.F.);
#615=ORIENTED_EDGE('',*,*,#956,.F.);
#616=ORIENTED_EDGE('',*,*,#903,.T.);
#617=ORIENTED_EDGE('',*,*,#812,.T.);
#618=ORIENTED_EDGE('',*,*,#957,.F.);
#619=ORIENTED_EDGE('',*,*,#904,.F.);
#620=ORIENTED_EDGE('',*,*,#956,.T.);
#621=ORIENTED_EDGE('',*,*,#811,.F.);
#622=ORIENTED_EDGE('',*,*,#955,.F.);
#623=ORIENTED_EDGE('',*,*,#905,.T.);
#624=ORIENTED_EDGE('',*,*,#957,.T.);
#625=ORIENTED_EDGE('',*,*,#912,.T.);
#626=ORIENTED_EDGE('',*,*,#958,.T.);
#627=ORIENTED_EDGE('',*,*,#803,.F.);
#628=ORIENTED_EDGE('',*,*,#862,.F.);
#629=ORIENTED_EDGE('',*,*,#804,.F.);
#630=ORIENTED_EDGE('',*,*,#958,.F.);
#631=ORIENTED_EDGE('',*,*,#911,.T.);
#632=ORIENTED_EDGE('',*,*,#959,.T.);
#633=ORIENTED_EDGE('',*,*,#865,.T.);
#634=ORIENTED_EDGE('',*,*,#807,.F.);
#635=ORIENTED_EDGE('',*,*,#960,.F.);
#636=ORIENTED_EDGE('',*,*,#908,.T.);
#637=ORIENTED_EDGE('',*,*,#806,.T.);
#638=ORIENTED_EDGE('',*,*,#961,.F.);
#639=ORIENTED_EDGE('',*,*,#909,.F.);
#640=ORIENTED_EDGE('',*,*,#960,.T.);
#641=ORIENTED_EDGE('',*,*,#805,.F.);
#642=ORIENTED_EDGE('',*,*,#959,.F.);
#643=ORIENTED_EDGE('',*,*,#910,.T.);
#644=ORIENTED_EDGE('',*,*,#961,.T.);
#645=ORIENTED_EDGE('',*,*,#801,.F.);
#646=ORIENTED_EDGE('',*,*,#962,.F.);
#647=ORIENTED_EDGE('',*,*,#913,.T.);
#648=ORIENTED_EDGE('',*,*,#860,.F.);
#649=ORIENTED_EDGE('',*,*,#917,.T.);
#650=ORIENTED_EDGE('',*,*,#963,.T.);
#651=ORIENTED_EDGE('',*,*,#797,.F.);
#652=ORIENTED_EDGE('',*,*,#859,.F.);
#653=ORIENTED_EDGE('',*,*,#798,.F.);
#654=ORIENTED_EDGE('',*,*,#963,.F.);
#655=ORIENTED_EDGE('',*,*,#916,.T.);
#656=ORIENTED_EDGE('',*,*,#964,.T.);
#657=ORIENTED_EDGE('',*,*,#800,.T.);
#658=ORIENTED_EDGE('',*,*,#965,.F.);
#659=ORIENTED_EDGE('',*,*,#914,.F.);
#660=ORIENTED_EDGE('',*,*,#962,.T.);
#661=ORIENTED_EDGE('',*,*,#799,.F.);
#662=ORIENTED_EDGE('',*,*,#964,.F.);
#663=ORIENTED_EDGE('',*,*,#915,.T.);
#664=ORIENTED_EDGE('',*,*,#965,.T.);
#665=ORIENTED_EDGE('',*,*,#795,.F.);
#666=ORIENTED_EDGE('',*,*,#966,.F.);
#667=ORIENTED_EDGE('',*,*,#918,.T.);
#668=ORIENTED_EDGE('',*,*,#857,.F.);
#669=ORIENTED_EDGE('',*,*,#792,.F.);
#670=ORIENTED_EDGE('',*,*,#967,.F.);
#671=ORIENTED_EDGE('',*,*,#921,.T.);
#672=ORIENTED_EDGE('',*,*,#968,.T.);
#673=ORIENTED_EDGE('',*,*,#855,.T.);
#674=ORIENTED_EDGE('',*,*,#922,.T.);
#675=ORIENTED_EDGE('',*,*,#967,.T.);
#676=ORIENTED_EDGE('',*,*,#791,.F.);
#677=ORIENTED_EDGE('',*,*,#794,.T.);
#678=ORIENTED_EDGE('',*,*,#969,.F.);
#679=ORIENTED_EDGE('',*,*,#919,.F.);
#680=ORIENTED_EDGE('',*,*,#966,.T.);
#681=ORIENTED_EDGE('',*,*,#793,.F.);
#682=ORIENTED_EDGE('',*,*,#968,.F.);
#683=ORIENTED_EDGE('',*,*,#920,.T.);
#684=ORIENTED_EDGE('',*,*,#969,.T.);
#685=ORIENTED_EDGE('',*,*,#852,.T.);
#686=ORIENTED_EDGE('',*,*,#927,.T.);
#687=ORIENTED_EDGE('',*,*,#970,.T.);
#688=ORIENTED_EDGE('',*,*,#785,.F.);
#689=ORIENTED_EDGE('',*,*,#786,.F.);
#690=ORIENTED_EDGE('',*,*,#970,.F.);
#691=ORIENTED_EDGE('',*,*,#926,.T.);
#692=ORIENTED_EDGE('',*,*,#971,.T.);
#693=ORIENTED_EDGE('',*,*,#856,.T.);
#694=ORIENTED_EDGE('',*,*,#789,.F.);
#695=ORIENTED_EDGE('',*,*,#972,.F.);
#696=ORIENTED_EDGE('',*,*,#923,.T.);
#697=ORIENTED_EDGE('',*,*,#788,.T.);
#698=ORIENTED_EDGE('',*,*,#973,.F.);
#699=ORIENTED_EDGE('',*,*,#924,.F.);
#700=ORIENTED_EDGE('',*,*,#972,.T.);
#701=ORIENTED_EDGE('',*,*,#787,.F.);
#702=ORIENTED_EDGE('',*,*,#971,.F.);
#703=ORIENTED_EDGE('',*,*,#925,.T.);
#704=ORIENTED_EDGE('',*,*,#973,.T.);
#705=ORIENTED_EDGE('',*,*,#932,.T.);
#706=ORIENTED_EDGE('',*,*,#974,.T.);
#707=ORIENTED_EDGE('',*,*,#779,.F.);
#708=ORIENTED_EDGE('',*,*,#850,.F.);
#709=ORIENTED_EDGE('',*,*,#780,.F.);
#710=ORIENTED_EDGE('',*,*,#974,.F.);
#711=ORIENTED_EDGE('',*,*,#931,.T.);
#712=ORIENTED_EDGE('',*,*,#975,.T.);
#713=ORIENTED_EDGE('',*,*,#853,.T.);
#714=ORIENTED_EDGE('',*,*,#783,.F.);
#715=ORIENTED_EDGE('',*,*,#976,.F.);
#716=ORIENTED_EDGE('',*,*,#928,.T.);
#717=ORIENTED_EDGE('',*,*,#782,.T.);
#718=ORIENTED_EDGE('',*,*,#977,.F.);
#719=ORIENTED_EDGE('',*,*,#929,.F.);
#720=ORIENTED_EDGE('',*,*,#976,.T.);
#721=ORIENTED_EDGE('',*,*,#781,.F.);
#722=ORIENTED_EDGE('',*,*,#975,.F.);
#723=ORIENTED_EDGE('',*,*,#930,.T.);
#724=ORIENTED_EDGE('',*,*,#977,.T.);
#725=ORIENTED_EDGE('',*,*,#777,.F.);
#726=ORIENTED_EDGE('',*,*,#978,.F.);
#727=ORIENTED_EDGE('',*,*,#933,.T.);
#728=ORIENTED_EDGE('',*,*,#848,.F.);
#729=ORIENTED_EDGE('',*,*,#937,.T.);
#730=ORIENTED_EDGE('',*,*,#979,.T.);
#731=ORIENTED_EDGE('',*,*,#773,.F.);
#732=ORIENTED_EDGE('',*,*,#844,.F.);
#733=ORIENTED_EDGE('',*,*,#774,.F.);
#734=ORIENTED_EDGE('',*,*,#979,.F.);
#735=ORIENTED_EDGE('',*,*,#936,.T.);
#736=ORIENTED_EDGE('',*,*,#980,.T.);
#737=ORIENTED_EDGE('',*,*,#776,.T.);
#738=ORIENTED_EDGE('',*,*,#981,.F.);
#739=ORIENTED_EDGE('',*,*,#934,.F.);
#740=ORIENTED_EDGE('',*,*,#978,.T.);
#741=ORIENTED_EDGE('',*,*,#775,.F.);
#742=ORIENTED_EDGE('',*,*,#980,.F.);
#743=ORIENTED_EDGE('',*,*,#935,.T.);
#744=ORIENTED_EDGE('',*,*,#981,.T.);
#745=ORIENTED_EDGE('',*,*,#771,.F.);
#746=ORIENTED_EDGE('',*,*,#982,.F.);
#747=ORIENTED_EDGE('',*,*,#878,.T.);
#748=ORIENTED_EDGE('',*,*,#842,.F.);
#749=ORIENTED_EDGE('',*,*,#768,.F.);
#750=ORIENTED_EDGE('',*,*,#983,.F.);
#751=ORIENTED_EDGE('',*,*,#881,.T.);
#752=ORIENTED_EDGE('',*,*,#984,.T.);
#753=ORIENTED_EDGE('',*,*,#847,.T.);
#754=ORIENTED_EDGE('',*,*,#882,.T.);
#755=ORIENTED_EDGE('',*,*,#983,.T.);
#756=ORIENTED_EDGE('',*,*,#767,.F.);
#757=ORIENTED_EDGE('',*,*,#770,.T.);
#758=ORIENTED_EDGE('',*,*,#985,.F.);
#759=ORIENTED_EDGE('',*,*,#879,.F.);
#760=ORIENTED_EDGE('',*,*,#982,.T.);
#761=ORIENTED_EDGE('',*,*,#769,.F.);
#762=ORIENTED_EDGE('',*,*,#984,.F.);
#763=ORIENTED_EDGE('',*,*,#880,.T.);
#764=ORIENTED_EDGE('',*,*,#985,.T.);
#765=EDGE_CURVE('',#986,#986,#1135,.T.);
#766=EDGE_CURVE('',#987,#988,#1136,.T.);
#767=EDGE_CURVE('',#987,#989,#1137,.T.);
#768=EDGE_CURVE('',#989,#990,#59,.T.);
#769=EDGE_CURVE('',#990,#991,#1138,.T.);
#770=EDGE_CURVE('',#992,#991,#60,.T.);
#771=EDGE_CURVE('',#992,#993,#1139,.T.);
#772=EDGE_CURVE('',#993,#994,#61,.T.);
#773=EDGE_CURVE('',#994,#995,#1140,.T.);
#774=EDGE_CURVE('',#995,#996,#62,.T.);
#775=EDGE_CURVE('',#996,#997,#1141,.T.);
#776=EDGE_CURVE('',#998,#997,#63,.T.);
#777=EDGE_CURVE('',#998,#999,#1142,.T.);
#778=EDGE_CURVE('',#999,#1000,#64,.T.);
#779=EDGE_CURVE('',#1000,#1001,#1143,.T.);
#780=EDGE_CURVE('',#1001,#1002,#65,.T.);
#781=EDGE_CURVE('',#1002,#1003,#1144,.T.);
#782=EDGE_CURVE('',#1004,#1003,#66,.T.);
#783=EDGE_CURVE('',#1004,#1005,#1145,.T.);
#784=EDGE_CURVE('',#1006,#1005,#1146,.T.);
#785=EDGE_CURVE('',#1006,#1007,#1147,.T.);
#786=EDGE_CURVE('',#1007,#1008,#67,.T.);
#787=EDGE_CURVE('',#1008,#1009,#1148,.T.);
#788=EDGE_CURVE('',#1010,#1009,#68,.T.);
#789=EDGE_CURVE('',#1010,#1011,#1149,.T.);
#790=EDGE_CURVE('',#1012,#1011,#1150,.T.);
#791=EDGE_CURVE('',#1012,#1013,#1151,.T.);
#792=EDGE_CURVE('',#1013,#1014,#69,.T.);
#793=EDGE_CURVE('',#1014,#1015,#1152,.T.);
#794=EDGE_CURVE('',#1016,#1015,#70,.T.);
#795=EDGE_CURVE('',#1016,#1017,#1153,.T.);
#796=EDGE_CURVE('',#1017,#1018,#71,.T.);
#797=EDGE_CURVE('',#1018,#1019,#1154,.T.);
#798=EDGE_CURVE('',#1019,#1020,#72,.T.);
#799=EDGE_CURVE('',#1020,#1021,#1155,.T.);
#800=EDGE_CURVE('',#1022,#1021,#73,.T.);
#801=EDGE_CURVE('',#1022,#1023,#1156,.T.);
#802=EDGE_CURVE('',#1023,#1024,#74,.T.);
#803=EDGE_CURVE('',#1024,#1025,#1157,.T.);
#804=EDGE_CURVE('',#1025,#1026,#75,.T.);
#805=EDGE_CURVE('',#1026,#1027,#1158,.T.);
#806=EDGE_CURVE('',#1028,#1027,#76,.T.);
#807=EDGE_CURVE('',#1028,#1029,#1159,.T.);
#808=EDGE_CURVE('',#1030,#1029,#1160,.T.);
#809=EDGE_CURVE('',#1030,#1031,#1161,.T.);
#810=EDGE_CURVE('',#1031,#1032,#77,.T.);
#811=EDGE_CURVE('',#1032,#1033,#1162,.T.);
#812=EDGE_CURVE('',#1034,#1033,#78,.T.);
#813=EDGE_CURVE('',#1034,#1035,#1163,.T.);
#814=EDGE_CURVE('',#1036,#1035,#1164,.T.);
#815=EDGE_CURVE('',#1036,#1037,#1165,.T.);
#816=EDGE_CURVE('',#1037,#1038,#79,.T.);
#817=EDGE_CURVE('',#1038,#1039,#1166,.T.);
#818=EDGE_CURVE('',#1040,#1039,#80,.T.);
#819=EDGE_CURVE('',#1040,#1041,#1167,.T.);
#820=EDGE_CURVE('',#1041,#1042,#81,.T.);
#821=EDGE_CURVE('',#1042,#1043,#1168,.T.);
#822=EDGE_CURVE('',#1043,#1044,#82,.T.);
#823=EDGE_CURVE('',#1044,#1045,#1169,.T.);
#824=EDGE_CURVE('',#1046,#1045,#83,.T.);
#825=EDGE_CURVE('',#1046,#1047,#1170,.T.);
#826=EDGE_CURVE('',#1047,#1048,#84,.T.);
#827=EDGE_CURVE('',#1048,#1049,#1171,.T.);
#828=EDGE_CURVE('',#1049,#1050,#85,.T.);
#829=EDGE_CURVE('',#1050,#1051,#1172,.T.);
#830=EDGE_CURVE('',#1052,#1051,#86,.T.);
#831=EDGE_CURVE('',#1052,#1053,#1173,.T.);
#832=EDGE_CURVE('',#1054,#1053,#1174,.T.);
#833=EDGE_CURVE('',#1054,#1055,#1175,.T.);
#834=EDGE_CURVE('',#1055,#1056,#87,.T.);
#835=EDGE_CURVE('',#1056,#1057,#1176,.T.);
#836=EDGE_CURVE('',#1058,#1057,#88,.T.);
#837=EDGE_CURVE('',#1058,#988,#1177,.T.);
#838=EDGE_CURVE('',#1059,#1059,#1178,.T.);
#839=EDGE_CURVE('',#1060,#1060,#1179,.T.);
#840=EDGE_CURVE('',#1061,#1061,#1180,.T.);
#841=EDGE_CURVE('',#1062,#1062,#1181,.T.);
#842=EDGE_CURVE('',#993,#1063,#89,.F.);
#843=EDGE_CURVE('',#1063,#1064,#90,.T.);
#844=EDGE_CURVE('',#1064,#994,#91,.T.);
#845=EDGE_CURVE('',#1065,#988,#92,.T.);
#846=EDGE_CURVE('',#1066,#1065,#1182,.T.);
#847=EDGE_CURVE('',#987,#1066,#93,.F.);
#848=EDGE_CURVE('',#999,#1067,#94,.F.);
#849=EDGE_CURVE('',#1067,#1068,#95,.T.);
#850=EDGE_CURVE('',#1068,#1000,#96,.T.);
#851=EDGE_CURVE('',#1069,#1070,#1183,.T.);
#852=EDGE_CURVE('',#1006,#1069,#97,.F.);
#853=EDGE_CURVE('',#1070,#1005,#98,.T.);
#854=EDGE_CURVE('',#1071,#1072,#1184,.T.);
#855=EDGE_CURVE('',#1012,#1071,#99,.F.);
#856=EDGE_CURVE('',#1072,#1011,#100,.T.);
#857=EDGE_CURVE('',#1017,#1073,#101,.F.);
#858=EDGE_CURVE('',#1073,#1074,#102,.T.);
#859=EDGE_CURVE('',#1074,#1018,#103,.T.);
#860=EDGE_CURVE('',#1023,#1075,#104,.F.);
#861=EDGE_CURVE('',#1075,#1076,#105,.T.);
#862=EDGE_CURVE('',#1076,#1024,#106,.T.);
#863=EDGE_CURVE('',#1077,#1078,#1185,.T.);
#864=EDGE_CURVE('',#1030,#1077,#107,.F.);
#865=EDGE_CURVE('',#1078,#1029,#108,.T.);
#866=EDGE_CURVE('',#1079,#1080,#1186,.T.);
#867=EDGE_CURVE('',#1036,#1079,#109,.F.);
#868=EDGE_CURVE('',#1080,#1035,#110,.T.);
#869=EDGE_CURVE('',#1041,#1081,#111,.F.);
#870=EDGE_CURVE('',#1081,#1082,#112,.T.);
#871=EDGE_CURVE('',#1082,#1042,#113,.T.);
#872=EDGE_CURVE('',#1047,#1083,#114,.F.);
#873=EDGE_CURVE('',#1083,#1084,#115,.T.);
#874=EDGE_CURVE('',#1084,#1048,#116,.T.);
#875=EDGE_CURVE('',#1085,#1086,#1187,.T.);
#876=EDGE_CURVE('',#1054,#1085,#117,.F.);
#877=EDGE_CURVE('',#1086,#1053,#118,.T.);
#878=EDGE_CURVE('',#1087,#1063,#1188,.T.);
#879=EDGE_CURVE('',#1087,#1088,#119,.T.);
#880=EDGE_CURVE('',#1089,#1088,#1189,.T.);
#881=EDGE_CURVE('',#1090,#1089,#120,.T.);
#882=EDGE_CURVE('',#1066,#1090,#1190,.T.);
#883=EDGE_CURVE('',#1091,#1065,#1191,.T.);
#884=EDGE_CURVE('',#1091,#1092,#121,.T.);
#885=EDGE_CURVE('',#1093,#1092,#1192,.T.);
#886=EDGE_CURVE('',#1094,#1093,#122,.T.);
#887=EDGE_CURVE('',#1085,#1094,#1193,.T.);
#888=EDGE_CURVE('',#1095,#1086,#1194,.T.);
#889=EDGE_CURVE('',#1095,#1096,#123,.T.);
#890=EDGE_CURVE('',#1097,#1096,#1195,.T.);
#891=EDGE_CURVE('',#1098,#1097,#124,.T.);
#892=EDGE_CURVE('',#1084,#1098,#1196,.T.);
#893=EDGE_CURVE('',#1099,#1083,#1197,.T.);
#894=EDGE_CURVE('',#1099,#1100,#125,.T.);
#895=EDGE_CURVE('',#1101,#1100,#1198,.T.);
#896=EDGE_CURVE('',#1102,#1101,#126,.T.);
#897=EDGE_CURVE('',#1082,#1102,#1199,.T.);
#898=EDGE_CURVE('',#1103,#1081,#1200,.T.);
#899=EDGE_CURVE('',#1103,#1104,#127,.T.);
#900=EDGE_CURVE('',#1105,#1104,#1201,.T.);
#901=EDGE_CURVE('',#1106,#1105,#128,.T.);
#902=EDGE_CURVE('',#1079,#1106,#1202,.T.);
#903=EDGE_CURVE('',#1107,#1080,#1203,.T.);
#904=EDGE_CURVE('',#1107,#1108,#129,.T.);
#905=EDGE_CURVE('',#1109,#1108,#1204,.T.);
#906=EDGE_CURVE('',#1110,#1109,#130,.T.);
#907=EDGE_CURVE('',#1077,#1110,#1205,.T.);
#908=EDGE_CURVE('',#1111,#1078,#1206,.T.);
#909=EDGE_CURVE('',#1111,#1112,#131,.T.);
#910=EDGE_CURVE('',#1113,#1112,#1207,.T.);
#911=EDGE_CURVE('',#1114,#1113,#132,.T.);
#912=EDGE_CURVE('',#1076,#1114,#1208,.T.);
#913=EDGE_CURVE('',#1115,#1075,#1209,.T.);
#914=EDGE_CURVE('',#1115,#1116,#133,.T.);
#915=EDGE_CURVE('',#1117,#1116,#1210,.T.);
#916=EDGE_CURVE('',#1118,#1117,#134,.T.);
#917=EDGE_CURVE('',#1074,#1118,#1211,.T.);
#918=EDGE_CURVE('',#1119,#1073,#1212,.T.);
#919=EDGE_CURVE('',#1119,#1120,#135,.T.);
#920=EDGE_CURVE('',#1121,#1120,#1213,.T.);
#921=EDGE_CURVE('',#1122,#1121,#136,.T.);
#922=EDGE_CURVE('',#1071,#1122,#1214,.T.);
#923=EDGE_CURVE('',#1123,#1072,#1215,.T.);
#924=EDGE_CURVE('',#1123,#1124,#137,.T.);
#925=EDGE_CURVE('',#1125,#1124,#1216,.T.);
#926=EDGE_CURVE('',#1126,#1125,#138,.T.);
#927=EDGE_CURVE('',#1069,#1126,#1217,.T.);
#928=EDGE_CURVE('',#1127,#1070,#1218,.T.);
#929=EDGE_CURVE('',#1127,#1128,#139,.T.);
#930=EDGE_CURVE('',#1129,#1128,#1219,.T.);
#931=EDGE_CURVE('',#1130,#1129,#140,.T.);
#932=EDGE_CURVE('',#1068,#1130,#1220,.T.);
#933=EDGE_CURVE('',#1131,#1067,#1221,.T.);
#934=EDGE_CURVE('',#1131,#1132,#141,.T.);
#935=EDGE_CURVE('',#1133,#1132,#1222,.T.);
#936=EDGE_CURVE('',#1134,#1133,#142,.T.);
#937=EDGE_CURVE('',#1064,#1134,#1223,.T.);
#938=EDGE_CURVE('',#1094,#1055,#143,.T.);
#939=EDGE_CURVE('',#1093,#1056,#144,.T.);
#940=EDGE_CURVE('',#1091,#1058,#145,.T.);
#941=EDGE_CURVE('',#1092,#1057,#146,.T.);
#942=EDGE_CURVE('',#1098,#1049,#147,.T.);
#943=EDGE_CURVE('',#1097,#1050,#148,.T.);
#944=EDGE_CURVE('',#1095,#1052,#149,.T.);
#945=EDGE_CURVE('',#1096,#1051,#150,.T.);
#946=EDGE_CURVE('',#1099,#1046,#151,.T.);
#947=EDGE_CURVE('',#1102,#1043,#152,.T.);
#948=EDGE_CURVE('',#1101,#1044,#153,.T.);
#949=EDGE_CURVE('',#1100,#1045,#154,.T.);
#950=EDGE_CURVE('',#1103,#1040,#155,.T.);
#951=EDGE_CURVE('',#1106,#1037,#156,.T.);
#952=EDGE_CURVE('',#1105,#1038,#157,.T.);
#953=EDGE_CURVE('',#1104,#1039,#158,.T.);
#954=EDGE_CURVE('',#1110,#1031,#159,.T.);
#955=EDGE_CURVE('',#1109,#1032,#160,.T.);
#956=EDGE_CURVE('',#1107,#1034,#161,.T.);
#957=EDGE_CURVE('',#1108,#1033,#162,.T.);
#958=EDGE_CURVE('',#1114,#1025,#163,.T.);
#959=EDGE_CURVE('',#1113,#1026,#164,.T.);
#960=EDGE_CURVE('',#1111,#1028,#165,.T.);
#961=EDGE_CURVE('',#1112,#1027,#166,.T.);
#962=EDGE_CURVE('',#1115,#1022,#167,.T.);
#963=EDGE_CURVE('',#1118,#1019,#168,.T.);
#964=EDGE_CURVE('',#1117,#1020,#169,.T.);
#965=EDGE_CURVE('',#1116,#1021,#170,.T.);
#966=EDGE_CURVE('',#1119,#1016,#171,.T.);
#967=EDGE_CURVE('',#1122,#1013,#172,.T.);
#968=EDGE_CURVE('',#1121,#1014,#173,.T.);
#969=EDGE_CURVE('',#1120,#1015,#174,.T.);
#970=EDGE_CURVE('',#1126,#1007,#175,.T.);
#971=EDGE_CURVE('',#1125,#1008,#176,.T.);
#972=EDGE_CURVE('',#1123,#1010,#177,.T.);
#973=EDGE_CURVE('',#1124,#1009,#178,.T.);
#974=EDGE_CURVE('',#1130,#1001,#179,.T.);
#975=EDGE_CURVE('',#1129,#1002,#180,.T.);
#976=EDGE_CURVE('',#1127,#1004,#181,.T.);
#977=EDGE_CURVE('',#1128,#1003,#182,.T.);
#978=EDGE_CURVE('',#1131,#998,#183,.T.);
#979=EDGE_CURVE('',#1134,#995,#184,.T.);
#980=EDGE_CURVE('',#1133,#996,#185,.T.);
#981=EDGE_CURVE('',#1132,#997,#186,.T.);
#982=EDGE_CURVE('',#1087,#992,#187,.T.);
#983=EDGE_CURVE('',#1090,#989,#188,.T.);
#984=EDGE_CURVE('',#1089,#990,#189,.T.);
#985=EDGE_CURVE('',#1088,#991,#190,.T.);
#986=VERTEX_POINT('',#2157);
#987=VERTEX_POINT('',#2159);
#988=VERTEX_POINT('',#2160);
#989=VERTEX_POINT('',#2162);
#990=VERTEX_POINT('',#2164);
#991=VERTEX_POINT('',#2166);
#992=VERTEX_POINT('',#2168);
#993=VERTEX_POINT('',#2170);
#994=VERTEX_POINT('',#2172);
#995=VERTEX_POINT('',#2174);
#996=VERTEX_POINT('',#2176);
#997=VERTEX_POINT('',#2178);
#998=VERTEX_POINT('',#2180);
#999=VERTEX_POINT('',#2182);
#1000=VERTEX_POINT('',#2184);
#1001=VERTEX_POINT('',#2186);
#1002=VERTEX_POINT('',#2188);
#1003=VERTEX_POINT('',#2190);
#1004=VERTEX_POINT('',#2192);
#1005=VERTEX_POINT('',#2194);
#1006=VERTEX_POINT('',#2196);
#1007=VERTEX_POINT('',#2198);
#1008=VERTEX_POINT('',#2200);
#1009=VERTEX_POINT('',#2202);
#1010=VERTEX_POINT('',#2204);
#1011=VERTEX_POINT('',#2206);
#1012=VERTEX_POINT('',#2208);
#1013=VERTEX_POINT('',#2210);
#1014=VERTEX_POINT('',#2212);
#1015=VERTEX_POINT('',#2214);
#1016=VERTEX_POINT('',#2216);
#1017=VERTEX_POINT('',#2218);
#1018=VERTEX_POINT('',#2220);
#1019=VERTEX_POINT('',#2222);
#1020=VERTEX_POINT('',#2224);
#1021=VERTEX_POINT('',#2226);
#1022=VERTEX_POINT('',#2228);
#1023=VERTEX_POINT('',#2230);
#1024=VERTEX_POINT('',#2232);
#1025=VERTEX_POINT('',#2234);
#1026=VERTEX_POINT('',#2236);
#1027=VERTEX_POINT('',#2238);
#1028=VERTEX_POINT('',#2240);
#1029=VERTEX_POINT('',#2242);
#1030=VERTEX_POINT('',#2244);
#1031=VERTEX_POINT('',#2246);
#1032=VERTEX_POINT('',#2248);
#1033=VERTEX_POINT('',#2250);
#1034=VERTEX_POINT('',#2252);
#1035=VERTEX_POINT('',#2254);
#1036=VERTEX_POINT('',#2256);
#1037=VERTEX_POINT('',#2258);
#1038=VERTEX_POINT('',#2260);
#1039=VERTEX_POINT('',#2262);
#1040=VERTEX_POINT('',#2264);
#1041=VERTEX_POINT('',#2266);
#1042=VERTEX_POINT('',#2268);
#1043=VERTEX_POINT('',#2270);
#1044=VERTEX_POINT('',#2272);
#1045=VERTEX_POINT('',#2274);
#1046=VERTEX_POINT('',#2276);
#1047=VERTEX_POINT('',#2278);
#1048=VERTEX_POINT('',#2280);
#1049=VERTEX_POINT('',#2282);
#1050=VERTEX_POINT('',#2284);
#1051=VERTEX_POINT('',#2286);
#1052=VERTEX_POINT('',#2288);
#1053=VERTEX_POINT('',#2290);
#1054=VERTEX_POINT('',#2292);
#1055=VERTEX_POINT('',#2294);
#1056=VERTEX_POINT('',#2296);
#1057=VERTEX_POINT('',#2298);
#1058=VERTEX_POINT('',#2300);
#1059=VERTEX_POINT('',#2304);
#1060=VERTEX_POINT('',#2307);
#1061=VERTEX_POINT('',#2310);
#1062=VERTEX_POINT('',#2313);
#1063=VERTEX_POINT('',#2317);
#1064=VERTEX_POINT('',#2319);
#1065=VERTEX_POINT('',#2323);
#1066=VERTEX_POINT('',#2325);
#1067=VERTEX_POINT('',#2329);
#1068=VERTEX_POINT('',#2331);
#1069=VERTEX_POINT('',#2335);
#1070=VERTEX_POINT('',#2336);
#1071=VERTEX_POINT('',#2341);
#1072=VERTEX_POINT('',#2342);
#1073=VERTEX_POINT('',#2347);
#1074=VERTEX_POINT('',#2349);
#1075=VERTEX_POINT('',#2353);
#1076=VERTEX_POINT('',#2355);
#1077=VERTEX_POINT('',#2359);
#1078=VERTEX_POINT('',#2360);
#1079=VERTEX_POINT('',#2365);
#1080=VERTEX_POINT('',#2366);
#1081=VERTEX_POINT('',#2371);
#1082=VERTEX_POINT('',#2373);
#1083=VERTEX_POINT('',#2377);
#1084=VERTEX_POINT('',#2379);
#1085=VERTEX_POINT('',#2383);
#1086=VERTEX_POINT('',#2384);
#1087=VERTEX_POINT('',#2389);
#1088=VERTEX_POINT('',#2391);
#1089=VERTEX_POINT('',#2393);
#1090=VERTEX_POINT('',#2395);
#1091=VERTEX_POINT('',#2398);
#1092=VERTEX_POINT('',#2400);
#1093=VERTEX_POINT('',#2402);
#1094=VERTEX_POINT('',#2404);
#1095=VERTEX_POINT('',#2407);
#1096=VERTEX_POINT('',#2409);
#1097=VERTEX_POINT('',#2411);
#1098=VERTEX_POINT('',#2413);
#1099=VERTEX_POINT('',#2416);
#1100=VERTEX_POINT('',#2418);
#1101=VERTEX_POINT('',#2420);
#1102=VERTEX_POINT('',#2422);
#1103=VERTEX_POINT('',#2425);
#1104=VERTEX_POINT('',#2427);
#1105=VERTEX_POINT('',#2429);
#1106=VERTEX_POINT('',#2431);
#1107=VERTEX_POINT('',#2434);
#1108=VERTEX_POINT('',#2436);
#1109=VERTEX_POINT('',#2438);
#1110=VERTEX_POINT('',#2440);
#1111=VERTEX_POINT('',#2443);
#1112=VERTEX_POINT('',#2445);
#1113=VERTEX_POINT('',#2447);
#1114=VERTEX_POINT('',#2449);
#1115=VERTEX_POINT('',#2452);
#1116=VERTEX_POINT('',#2454);
#1117=VERTEX_POINT('',#2456);
#1118=VERTEX_POINT('',#2458);
#1119=VERTEX_POINT('',#2461);
#1120=VERTEX_POINT('',#2463);
#1121=VERTEX_POINT('',#2465);
#1122=VERTEX_POINT('',#2467);
#1123=VERTEX_POINT('',#2470);
#1124=VERTEX_POINT('',#2472);
#1125=VERTEX_POINT('',#2474);
#1126=VERTEX_POINT('',#2476);
#1127=VERTEX_POINT('',#2479);
#1128=VERTEX_POINT('',#2481);
#1129=VERTEX_POINT('',#2483);
#1130=VERTEX_POINT('',#2485);
#1131=VERTEX_POINT('',#2488);
#1132=VERTEX_POINT('',#2490);
#1133=VERTEX_POINT('',#2492);
#1134=VERTEX_POINT('',#2494);
#1135=CIRCLE('',#1517,0.008);
#1136=CIRCLE('',#1518,0.000696152422706632);
#1137=CIRCLE('',#1519,5.E-5);
#1138=CIRCLE('',#1520,5.E-5);
#1139=CIRCLE('',#1521,5.E-5);
#1140=CIRCLE('',#1522,5.E-5);
#1141=CIRCLE('',#1523,5.E-5);
#1142=CIRCLE('',#1524,5.E-5);
#1143=CIRCLE('',#1525,5.E-5);
#1144=CIRCLE('',#1526,5.E-5);
#1145=CIRCLE('',#1527,5.E-5);
#1146=CIRCLE('',#1528,0.000696152422706632);
#1147=CIRCLE('',#1529,5.E-5);
#1148=CIRCLE('',#1530,5.E-5);
#1149=CIRCLE('',#1531,5.E-5);
#1150=CIRCLE('',#1532,0.000696152422706632);
#1151=CIRCLE('',#1533,5.E-5);
#1152=CIRCLE('',#1534,5.E-5);
#1153=CIRCLE('',#1535,5.E-5);
#1154=CIRCLE('',#1536,5.E-5);
#1155=CIRCLE('',#1537,5.E-5);
#1156=CIRCLE('',#1538,5.E-5);
#1157=CIRCLE('',#1539,5.E-5);
#1158=CIRCLE('',#1540,5.E-5);
#1159=CIRCLE('',#1541,5.E-5);
#1160=CIRCLE('',#1542,0.000696152422706633);
#1161=CIRCLE('',#1543,5.E-5);
#1162=CIRCLE('',#1544,5.E-5);
#1163=CIRCLE('',#1545,5.E-5);
#1164=CIRCLE('',#1546,0.000696152422706633);
#1165=CIRCLE('',#1547,5.E-5);
#1166=CIRCLE('',#1548,5.E-5);
#1167=CIRCLE('',#1549,5.E-5);
#1168=CIRCLE('',#1550,5.E-5);
#1169=CIRCLE('',#1551,5.E-5);
#1170=CIRCLE('',#1552,5.E-5);
#1171=CIRCLE('',#1553,5.E-5);
#1172=CIRCLE('',#1554,5.E-5);
#1173=CIRCLE('',#1555,5.E-5);
#1174=CIRCLE('',#1556,0.000696152422706632);
#1175=CIRCLE('',#1557,5.E-5);
#1176=CIRCLE('',#1558,5.E-5);
#1177=CIRCLE('',#1559,5.E-5);
#1178=CIRCLE('',#1561,0.008);
#1179=CIRCLE('',#1563,0.0114413075780089);
#1180=CIRCLE('',#1565,0.0161737965704324);
#1181=CIRCLE('',#1567,0.0161737965704324);
#1182=CIRCLE('',#1571,0.000696152422706632);
#1183=CIRCLE('',#1574,0.000696152422706632);
#1184=CIRCLE('',#1576,0.000696152422706632);
#1185=CIRCLE('',#1580,0.000696152422706633);
#1186=CIRCLE('',#1582,0.000696152422706633);
#1187=CIRCLE('',#1586,0.000696152422706632);
#1188=CIRCLE('',#1588,5.E-5);
#1189=CIRCLE('',#1589,5.E-5);
#1190=CIRCLE('',#1590,5.E-5);
#1191=CIRCLE('',#1591,5.E-5);
#1192=CIRCLE('',#1592,5.E-5);
#1193=CIRCLE('',#1593,5.E-5);
#1194=CIRCLE('',#1594,5.E-5);
#1195=CIRCLE('',#1595,5.E-5);
#1196=CIRCLE('',#1596,5.E-5);
#1197=CIRCLE('',#1597,5.E-5);
#1198=CIRCLE('',#1598,5.E-5);
#1199=CIRCLE('',#1599,5.E-5);
#1200=CIRCLE('',#1600,5.E-5);
#1201=CIRCLE('',#1601,5.E-5);
#1202=CIRCLE('',#1602,5.E-5);
#1203=CIRCLE('',#1603,5.E-5);
#1204=CIRCLE('',#1604,5.E-5);
#1205=CIRCLE('',#1605,5.E-5);
#1206=CIRCLE('',#1606,5.E-5);
#1207=CIRCLE('',#1607,5.E-5);
#1208=CIRCLE('',#1608,5.E-5);
#1209=CIRCLE('',#1609,5.E-5);
#1210=CIRCLE('',#1610,5.E-5);
#1211=CIRCLE('',#1611,5.E-5);
#1212=CIRCLE('',#1612,5.E-5);
#1213=CIRCLE('',#1613,5.E-5);
#1214=CIRCLE('',#1614,5.E-5);
#1215=CIRCLE('',#1615,5.E-5);
#1216=CIRCLE('',#1616,5.E-5);
#1217=CIRCLE('',#1617,5.E-5);
#1218=CIRCLE('',#1618,5.E-5);
#1219=CIRCLE('',#1619,5.E-5);
#1220=CIRCLE('',#1620,5.E-5);
#1221=CIRCLE('',#1621,5.E-5);
#1222=CIRCLE('',#1622,5.E-5);
#1223=CIRCLE('',#1623,5.E-5);
#1224=EDGE_LOOP('',(#323));
#1225=EDGE_LOOP('',(#324,#325,#326,#327,#328,#329,#330,#331,#332,#333,#334,
#335,#336,#337,#338,#339,#340,#341,#342,#343,#344,#345,#346,#347,#348,#349,
#350,#351,#352,#353,#354,#355,#356,#357,#358,#359,#360,#361,#362,#363,#364,
#365,#366,#367,#368,#369,#370,#371,#372,#373,#374,#375,#376,#377,#378,#379,
#380,#381,#382,#383,#384,#385,#386,#387,#388,#389,#390,#391,#392,#393,#394,
#395));
#1226=EDGE_LOOP('',(#396));
#1227=EDGE_LOOP('',(#397));
#1228=EDGE_LOOP('',(#398));
#1229=EDGE_LOOP('',(#399));
#1230=EDGE_LOOP('',(#400));
#1231=EDGE_LOOP('',(#401));
#1232=EDGE_LOOP('',(#402));
#1233=EDGE_LOOP('',(#403));
#1234=EDGE_LOOP('',(#404));
#1235=EDGE_LOOP('',(#405,#406,#407,#408));
#1236=EDGE_LOOP('',(#409,#410,#411,#412));
#1237=EDGE_LOOP('',(#413,#414,#415,#416));
#1238=EDGE_LOOP('',(#417,#418,#419,#420));
#1239=EDGE_LOOP('',(#421,#422,#423,#424));
#1240=EDGE_LOOP('',(#425,#426,#427,#428));
#1241=EDGE_LOOP('',(#429,#430,#431,#432));
#1242=EDGE_LOOP('',(#433,#434,#435,#436));
#1243=EDGE_LOOP('',(#437,#438,#439,#440));
#1244=EDGE_LOOP('',(#441,#442,#443,#444));
#1245=EDGE_LOOP('',(#445,#446,#447,#448));
#1246=EDGE_LOOP('',(#449,#450,#451,#452));
#1247=EDGE_LOOP('',(#453,#454,#455,#456,#457,#458,#459,#460,#461,#462,#463,
#464,#465,#466,#467,#468,#469,#470,#471,#472,#473,#474,#475,#476,#477,#478,
#479,#480,#481,#482,#483,#484,#485,#486,#487,#488,#489,#490,#491,#492,#493,
#494,#495,#496,#497,#498,#499,#500,#501,#502,#503,#504,#505,#506,#507,#508,
#509,#510,#511,#512,#513,#514,#515,#516,#517,#518,#519,#520,#521,#522,#523,
#524));
#1248=EDGE_LOOP('',(#525,#526,#527,#528));
#1249=EDGE_LOOP('',(#529,#530,#531,#532));
#1250=EDGE_LOOP('',(#533,#534,#535,#536));
#1251=EDGE_LOOP('',(#537,#538,#539,#540));
#1252=EDGE_LOOP('',(#541,#542,#543,#544));
#1253=EDGE_LOOP('',(#545,#546,#547,#548));
#1254=EDGE_LOOP('',(#549,#550,#551,#552));
#1255=EDGE_LOOP('',(#553,#554,#555,#556));
#1256=EDGE_LOOP('',(#557,#558,#559,#560));
#1257=EDGE_LOOP('',(#561,#562,#563,#564));
#1258=EDGE_LOOP('',(#565,#566,#567,#568));
#1259=EDGE_LOOP('',(#569,#570,#571,#572));
#1260=EDGE_LOOP('',(#573,#574,#575,#576));
#1261=EDGE_LOOP('',(#577,#578,#579,#580));
#1262=EDGE_LOOP('',(#581,#582,#583,#584));
#1263=EDGE_LOOP('',(#585,#586,#587,#588));
#1264=EDGE_LOOP('',(#589,#590,#591,#592));
#1265=EDGE_LOOP('',(#593,#594,#595,#596));
#1266=EDGE_LOOP('',(#597,#598,#599,#600));
#1267=EDGE_LOOP('',(#601,#602,#603,#604));
#1268=EDGE_LOOP('',(#605,#606,#607,#608));
#1269=EDGE_LOOP('',(#609,#610,#611,#612));
#1270=EDGE_LOOP('',(#613,#614,#615,#616));
#1271=EDGE_LOOP('',(#617,#618,#619,#620));
#1272=EDGE_LOOP('',(#621,#622,#623,#624));
#1273=EDGE_LOOP('',(#625,#626,#627,#628));
#1274=EDGE_LOOP('',(#629,#630,#631,#632));
#1275=EDGE_LOOP('',(#633,#634,#635,#636));
#1276=EDGE_LOOP('',(#637,#638,#639,#640));
#1277=EDGE_LOOP('',(#641,#642,#643,#644));
#1278=EDGE_LOOP('',(#645,#646,#647,#648));
#1279=EDGE_LOOP('',(#649,#650,#651,#652));
#1280=EDGE_LOOP('',(#653,#654,#655,#656));
#1281=EDGE_LOOP('',(#657,#658,#659,#660));
#1282=EDGE_LOOP('',(#661,#662,#663,#664));
#1283=EDGE_LOOP('',(#665,#666,#667,#668));
#1284=EDGE_LOOP('',(#669,#670,#671,#672));
#1285=EDGE_LOOP('',(#673,#674,#675,#676));
#1286=EDGE_LOOP('',(#677,#678,#679,#680));
#1287=EDGE_LOOP('',(#681,#682,#683,#684));
#1288=EDGE_LOOP('',(#685,#686,#687,#688));
#1289=EDGE_LOOP('',(#689,#690,#691,#692));
#1290=EDGE_LOOP('',(#693,#694,#695,#696));
#1291=EDGE_LOOP('',(#697,#698,#699,#700));
#1292=EDGE_LOOP('',(#701,#702,#703,#704));
#1293=EDGE_LOOP('',(#705,#706,#707,#708));
#1294=EDGE_LOOP('',(#709,#710,#711,#712));
#1295=EDGE_LOOP('',(#713,#714,#715,#716));
#1296=EDGE_LOOP('',(#717,#718,#719,#720));
#1297=EDGE_LOOP('',(#721,#722,#723,#724));
#1298=EDGE_LOOP('',(#725,#726,#727,#728));
#1299=EDGE_LOOP('',(#729,#730,#731,#732));
#1300=EDGE_LOOP('',(#733,#734,#735,#736));
#1301=EDGE_LOOP('',(#737,#738,#739,#740));
#1302=EDGE_LOOP('',(#741,#742,#743,#744));
#1303=EDGE_LOOP('',(#745,#746,#747,#748));
#1304=EDGE_LOOP('',(#749,#750,#751,#752));
#1305=EDGE_LOOP('',(#753,#754,#755,#756));
#1306=EDGE_LOOP('',(#757,#758,#759,#760));
#1307=EDGE_LOOP('',(#761,#762,#763,#764));
#1308=FACE_BOUND('',#1224,.T.);
#1309=FACE_BOUND('',#1225,.T.);
#1310=FACE_BOUND('',#1226,.T.);
#1311=FACE_BOUND('',#1227,.T.);
#1312=FACE_BOUND('',#1228,.T.);
#1313=FACE_BOUND('',#1229,.T.);
#1314=FACE_BOUND('',#1230,.T.);
#1315=FACE_BOUND('',#1231,.T.);
#1316=FACE_BOUND('',#1232,.T.);
#1317=FACE_BOUND('',#1233,.T.);
#1318=FACE_BOUND('',#1234,.T.);
#1319=FACE_BOUND('',#1235,.T.);
#1320=FACE_BOUND('',#1236,.T.);
#1321=FACE_BOUND('',#1237,.T.);
#1322=FACE_BOUND('',#1238,.T.);
#1323=FACE_BOUND('',#1239,.T.);
#1324=FACE_BOUND('',#1240,.T.);
#1325=FACE_BOUND('',#1241,.T.);
#1326=FACE_BOUND('',#1242,.T.);
#1327=FACE_BOUND('',#1243,.T.);
#1328=FACE_BOUND('',#1244,.T.);
#1329=FACE_BOUND('',#1245,.T.);
#1330=FACE_BOUND('',#1246,.T.);
#1331=FACE_BOUND('',#1247,.T.);
#1332=FACE_BOUND('',#1248,.T.);
#1333=FACE_BOUND('',#1249,.T.);
#1334=FACE_BOUND('',#1250,.T.);
#1335=FACE_BOUND('',#1251,.T.);
#1336=FACE_BOUND('',#1252,.T.);
#1337=FACE_BOUND('',#1253,.T.);
#1338=FACE_BOUND('',#1254,.T.);
#1339=FACE_BOUND('',#1255,.T.);
#1340=FACE_BOUND('',#1256,.T.);
#1341=FACE_BOUND('',#1257,.T.);
#1342=FACE_BOUND('',#1258,.T.);
#1343=FACE_BOUND('',#1259,.T.);
#1344=FACE_BOUND('',#1260,.T.);
#1345=FACE_BOUND('',#1261,.T.);
#1346=FACE_BOUND('',#1262,.T.);
#1347=FACE_BOUND('',#1263,.T.);
#1348=FACE_BOUND('',#1264,.T.);
#1349=FACE_BOUND('',#1265,.T.);
#1350=FACE_BOUND('',#1266,.T.);
#1351=FACE_BOUND('',#1267,.T.);
#1352=FACE_BOUND('',#1268,.T.);
#1353=FACE_BOUND('',#1269,.T.);
#1354=FACE_BOUND('',#1270,.T.);
#1355=FACE_BOUND('',#1271,.T.);
#1356=FACE_BOUND('',#1272,.T.);
#1357=FACE_BOUND('',#1273,.T.);
#1358=FACE_BOUND('',#1274,.T.);
#1359=FACE_BOUND('',#1275,.T.);
#1360=FACE_BOUND('',#1276,.T.);
#1361=FACE_BOUND('',#1277,.T.);
#1362=FACE_BOUND('',#1278,.T.);
#1363=FACE_BOUND('',#1279,.T.);
#1364=FACE_BOUND('',#1280,.T.);
#1365=FACE_BOUND('',#1281,.T.);
#1366=FACE_BOUND('',#1282,.T.);
#1367=FACE_BOUND('',#1283,.T.);
#1368=FACE_BOUND('',#1284,.T.);
#1369=FACE_BOUND('',#1285,.T.);
#1370=FACE_BOUND('',#1286,.T.);
#1371=FACE_BOUND('',#1287,.T.);
#1372=FACE_BOUND('',#1288,.T.);
#1373=FACE_BOUND('',#1289,.T.);
#1374=FACE_BOUND('',#1290,.T.);
#1375=FACE_BOUND('',#1291,.T.);
#1376=FACE_BOUND('',#1292,.T.);
#1377=FACE_BOUND('',#1293,.T.);
#1378=FACE_BOUND('',#1294,.T.);
#1379=FACE_BOUND('',#1295,.T.);
#1380=FACE_BOUND('',#1296,.T.);
#1381=FACE_BOUND('',#1297,.T.);
#1382=FACE_BOUND('',#1298,.T.);
#1383=FACE_BOUND('',#1299,.T.);
#1384=FACE_BOUND('',#1300,.T.);
#1385=FACE_BOUND('',#1301,.T.);
#1386=FACE_BOUND('',#1302,.T.);
#1387=FACE_BOUND('',#1303,.T.);
#1388=FACE_BOUND('',#1304,.T.);
#1389=FACE_BOUND('',#1305,.T.);
#1390=FACE_BOUND('',#1306,.T.);
#1391=FACE_BOUND('',#1307,.T.);
#1392=PLANE('',#1516);
#1393=PLANE('',#1569);
#1394=PLANE('',#1572);
#1395=PLANE('',#1577);
#1396=PLANE('',#1578);
#1397=PLANE('',#1583);
#1398=PLANE('',#1584);
#1399=PLANE('',#1587);
#1400=PLANE('',#1625);
#1401=PLANE('',#1627);
#1402=PLANE('',#1630);
#1403=PLANE('',#1632);
#1404=PLANE('',#1636);
#1405=PLANE('',#1637);
#1406=PLANE('',#1640);
#1407=PLANE('',#1642);
#1408=PLANE('',#1645);
#1409=PLANE('',#1647);
#1410=PLANE('',#1650);
#1411=PLANE('',#1652);
#1412=PLANE('',#1656);
#1413=PLANE('',#1657);
#1414=PLANE('',#1660);
#1415=PLANE('',#1662);
#1416=PLANE('',#1665);
#1417=PLANE('',#1667);
#1418=PLANE('',#1670);
#1419=PLANE('',#1672);
#1420=PLANE('',#1676);
#1421=PLANE('',#1677);
#1422=PLANE('',#1680);
#1423=PLANE('',#1682);
#1424=ADVANCED_FACE('',(#1308,#1309),#1392,.F.);
#1425=ADVANCED_FACE('',(#1310,#1311),#16,.T.);
#1426=ADVANCED_FACE('',(#1312,#1313),#14,.F.);
#1427=ADVANCED_FACE('',(#1314,#1315),#12,.T.);
#1428=ADVANCED_FACE('',(#1316,#1317),#15,.T.);
#1429=ADVANCED_FACE('',(#1318),#13,.T.);
#1430=ADVANCED_FACE('',(#1319),#1393,.T.);
#1431=ADVANCED_FACE('',(#1320),#17,.F.);
#1432=ADVANCED_FACE('',(#1321),#1394,.T.);
#1433=ADVANCED_FACE('',(#1322),#18,.F.);
#1434=ADVANCED_FACE('',(#1323),#19,.F.);
#1435=ADVANCED_FACE('',(#1324),#1395,.T.);
#1436=ADVANCED_FACE('',(#1325),#1396,.T.);
#1437=ADVANCED_FACE('',(#1326),#20,.F.);
#1438=ADVANCED_FACE('',(#1327),#21,.F.);
#1439=ADVANCED_FACE('',(#1328),#1397,.T.);
#1440=ADVANCED_FACE('',(#1329),#1398,.T.);
#1441=ADVANCED_FACE('',(#1330),#22,.F.);
#1442=ADVANCED_FACE('',(#1331),#1399,.T.);
#1443=ADVANCED_FACE('',(#1332),#23,.F.);
#1444=ADVANCED_FACE('',(#1333),#1400,.T.);
#1445=ADVANCED_FACE('',(#1334),#24,.F.);
#1446=ADVANCED_FACE('',(#1335),#1401,.F.);
#1447=ADVANCED_FACE('',(#1336),#25,.F.);
#1448=ADVANCED_FACE('',(#1337),#26,.F.);
#1449=ADVANCED_FACE('',(#1338),#1402,.T.);
#1450=ADVANCED_FACE('',(#1339),#27,.F.);
#1451=ADVANCED_FACE('',(#1340),#1403,.F.);
#1452=ADVANCED_FACE('',(#1341),#28,.F.);
#1453=ADVANCED_FACE('',(#1342),#29,.F.);
#1454=ADVANCED_FACE('',(#1343),#30,.F.);
#1455=ADVANCED_FACE('',(#1344),#1404,.T.);
#1456=ADVANCED_FACE('',(#1345),#1405,.F.);
#1457=ADVANCED_FACE('',(#1346),#31,.F.);
#1458=ADVANCED_FACE('',(#1347),#32,.F.);
#1459=ADVANCED_FACE('',(#1348),#1406,.T.);
#1460=ADVANCED_FACE('',(#1349),#33,.F.);
#1461=ADVANCED_FACE('',(#1350),#1407,.F.);
#1462=ADVANCED_FACE('',(#1351),#34,.F.);
#1463=ADVANCED_FACE('',(#1352),#35,.F.);
#1464=ADVANCED_FACE('',(#1353),#1408,.T.);
#1465=ADVANCED_FACE('',(#1354),#36,.F.);
#1466=ADVANCED_FACE('',(#1355),#1409,.F.);
#1467=ADVANCED_FACE('',(#1356),#37,.F.);
#1468=ADVANCED_FACE('',(#1357),#38,.F.);
#1469=ADVANCED_FACE('',(#1358),#1410,.T.);
#1470=ADVANCED_FACE('',(#1359),#39,.F.);
#1471=ADVANCED_FACE('',(#1360),#1411,.F.);
#1472=ADVANCED_FACE('',(#1361),#40,.F.);
#1473=ADVANCED_FACE('',(#1362),#41,.F.);
#1474=ADVANCED_FACE('',(#1363),#42,.F.);
#1475=ADVANCED_FACE('',(#1364),#1412,.T.);
#1476=ADVANCED_FACE('',(#1365),#1413,.F.);
#1477=ADVANCED_FACE('',(#1366),#43,.F.);
#1478=ADVANCED_FACE('',(#1367),#44,.F.);
#1479=ADVANCED_FACE('',(#1368),#1414,.T.);
#1480=ADVANCED_FACE('',(#1369),#45,.F.);
#1481=ADVANCED_FACE('',(#1370),#1415,.F.);
#1482=ADVANCED_FACE('',(#1371),#46,.F.);
#1483=ADVANCED_FACE('',(#1372),#47,.F.);
#1484=ADVANCED_FACE('',(#1373),#1416,.T.);
#1485=ADVANCED_FACE('',(#1374),#48,.F.);
#1486=ADVANCED_FACE('',(#1375),#1417,.F.);
#1487=ADVANCED_FACE('',(#1376),#49,.F.);
#1488=ADVANCED_FACE('',(#1377),#50,.F.);
#1489=ADVANCED_FACE('',(#1378),#1418,.T.);
#1490=ADVANCED_FACE('',(#1379),#51,.F.);
#1491=ADVANCED_FACE('',(#1380),#1419,.F.);
#1492=ADVANCED_FACE('',(#1381),#52,.F.);
#1493=ADVANCED_FACE('',(#1382),#53,.F.);
#1494=ADVANCED_FACE('',(#1383),#54,.F.);
#1495=ADVANCED_FACE('',(#1384),#1420,.T.);
#1496=ADVANCED_FACE('',(#1385),#1421,.F.);
#1497=ADVANCED_FACE('',(#1386),#55,.F.);
#1498=ADVANCED_FACE('',(#1387),#56,.F.);
#1499=ADVANCED_FACE('',(#1388),#1422,.T.);
#1500=ADVANCED_FACE('',(#1389),#57,.F.);
#1501=ADVANCED_FACE('',(#1390),#1423,.F.);
#1502=ADVANCED_FACE('',(#1391),#58,.F.);
#1503=CLOSED_SHELL('',(#1424,#1425,#1426,#1427,#1428,#1429,#1430,#1431,
#1432,#1433,#1434,#1435,#1436,#1437,#1438,#1439,#1440,#1441,#1442,#1443,
#1444,#1445,#1446,#1447,#1448,#1449,#1450,#1451,#1452,#1453,#1454,#1455,
#1456,#1457,#1458,#1459,#1460,#1461,#1462,#1463,#1464,#1465,#1466,#1467,
#1468,#1469,#1470,#1471,#1472,#1473,#1474,#1475,#1476,#1477,#1478,#1479,
#1480,#1481,#1482,#1483,#1484,#1485,#1486,#1487,#1488,#1489,#1490,#1491,
#1492,#1493,#1494,#1495,#1496,#1497,#1498,#1499,#1500,#1501,#1502));
#1504=STYLED_ITEM('',(#1505),#1512);
#1505=PRESENTATION_STYLE_ASSIGNMENT((#1506));
#1506=SURFACE_STYLE_USAGE(.BOTH.,#1507);
#1507=SURFACE_SIDE_STYLE('',(#1508));
#1508=SURFACE_STYLE_FILL_AREA(#1509);
#1509=FILL_AREA_STYLE('',(#1510));
#1510=FILL_AREA_STYLE_COLOUR('',#1511);
#1511=COLOUR_RGB('',0.615686274509804,0.811764705882353,0.929411764705882);
#1512=MANIFOLD_SOLID_BREP('knob',#1503);
#1513=SHAPE_DEFINITION_REPRESENTATION(#2610,#1514);
#1514=SHAPE_REPRESENTATION('knob',(#1515),#2605);
#1515=AXIS2_PLACEMENT_3D('',#2154,#1684,#1685);
#1516=AXIS2_PLACEMENT_3D('',#2155,#1686,#1687);
#1517=AXIS2_PLACEMENT_3D('',#2156,#1688,#1689);
#1518=AXIS2_PLACEMENT_3D('',#2158,#1690,#1691);
#1519=AXIS2_PLACEMENT_3D('',#2161,#1692,#1693);
#1520=AXIS2_PLACEMENT_3D('',#2165,#1695,#1696);
#1521=AXIS2_PLACEMENT_3D('',#2169,#1698,#1699);
#1522=AXIS2_PLACEMENT_3D('',#2173,#1701,#1702);
#1523=AXIS2_PLACEMENT_3D('',#2177,#1704,#1705);
#1524=AXIS2_PLACEMENT_3D('',#2181,#1707,#1708);
#1525=AXIS2_PLACEMENT_3D('',#2185,#1710,#1711);
#1526=AXIS2_PLACEMENT_3D('',#2189,#1713,#1714);
#1527=AXIS2_PLACEMENT_3D('',#2193,#1716,#1717);
#1528=AXIS2_PLACEMENT_3D('',#2195,#1718,#1719);
#1529=AXIS2_PLACEMENT_3D('',#2197,#1720,#1721);
#1530=AXIS2_PLACEMENT_3D('',#2201,#1723,#1724);
#1531=AXIS2_PLACEMENT_3D('',#2205,#1726,#1727);
#1532=AXIS2_PLACEMENT_3D('',#2207,#1728,#1729);
#1533=AXIS2_PLACEMENT_3D('',#2209,#1730,#1731);
#1534=AXIS2_PLACEMENT_3D('',#2213,#1733,#1734);
#1535=AXIS2_PLACEMENT_3D('',#2217,#1736,#1737);
#1536=AXIS2_PLACEMENT_3D('',#2221,#1739,#1740);
#1537=AXIS2_PLACEMENT_3D('',#2225,#1742,#1743);
#1538=AXIS2_PLACEMENT_3D('',#2229,#1745,#1746);
#1539=AXIS2_PLACEMENT_3D('',#2233,#1748,#1749);
#1540=AXIS2_PLACEMENT_3D('',#2237,#1751,#1752);
#1541=AXIS2_PLACEMENT_3D('',#2241,#1754,#1755);
#1542=AXIS2_PLACEMENT_3D('',#2243,#1756,#1757);
#1543=AXIS2_PLACEMENT_3D('',#2245,#1758,#1759);
#1544=AXIS2_PLACEMENT_3D('',#2249,#1761,#1762);
#1545=AXIS2_PLACEMENT_3D('',#2253,#1764,#1765);
#1546=AXIS2_PLACEMENT_3D('',#2255,#1766,#1767);
#1547=AXIS2_PLACEMENT_3D('',#2257,#1768,#1769);
#1548=AXIS2_PLACEMENT_3D('',#2261,#1771,#1772);
#1549=AXIS2_PLACEMENT_3D('',#2265,#1774,#1775);
#1550=AXIS2_PLACEMENT_3D('',#2269,#1777,#1778);
#1551=AXIS2_PLACEMENT_3D('',#2273,#1780,#1781);
#1552=AXIS2_PLACEMENT_3D('',#2277,#1783,#1784);
#1553=AXIS2_PLACEMENT_3D('',#2281,#1786,#1787);
#1554=AXIS2_PLACEMENT_3D('',#2285,#1789,#1790);
#1555=AXIS2_PLACEMENT_3D('',#2289,#1792,#1793);
#1556=AXIS2_PLACEMENT_3D('',#2291,#1794,#1795);
#1557=AXIS2_PLACEMENT_3D('',#2293,#1796,#1797);
#1558=AXIS2_PLACEMENT_3D('',#2297,#1799,#1800);
#1559=AXIS2_PLACEMENT_3D('',#2301,#1802,#1803);
#1560=AXIS2_PLACEMENT_3D('',#2302,#1804,#1805);
#1561=AXIS2_PLACEMENT_3D('',#2303,#1806,#1807);
#1562=AXIS2_PLACEMENT_3D('',#2305,#1808,#1809);
#1563=AXIS2_PLACEMENT_3D('',#2306,#1810,#1811);
#1564=AXIS2_PLACEMENT_3D('',#2308,#1812,#1813);
#1565=AXIS2_PLACEMENT_3D('',#2309,#1814,#1815);
#1566=AXIS2_PLACEMENT_3D('',#2311,#1816,#1817);
#1567=AXIS2_PLACEMENT_3D('',#2312,#1818,#1819);
#1568=AXIS2_PLACEMENT_3D('',#2314,#1820,#1821);
#1569=AXIS2_PLACEMENT_3D('',#2315,#1822,#1823);
#1570=AXIS2_PLACEMENT_3D('',#2321,#1827,#1828);
#1571=AXIS2_PLACEMENT_3D('',#2324,#1830,#1831);
#1572=AXIS2_PLACEMENT_3D('',#2327,#1833,#1834);
#1573=AXIS2_PLACEMENT_3D('',#2333,#1838,#1839);
#1574=AXIS2_PLACEMENT_3D('',#2334,#1840,#1841);
#1575=AXIS2_PLACEMENT_3D('',#2339,#1844,#1845);
#1576=AXIS2_PLACEMENT_3D('',#2340,#1846,#1847);
#1577=AXIS2_PLACEMENT_3D('',#2345,#1850,#1851);
#1578=AXIS2_PLACEMENT_3D('',#2351,#1855,#1856);
#1579=AXIS2_PLACEMENT_3D('',#2357,#1860,#1861);
#1580=AXIS2_PLACEMENT_3D('',#2358,#1862,#1863);
#1581=AXIS2_PLACEMENT_3D('',#2363,#1866,#1867);
#1582=AXIS2_PLACEMENT_3D('',#2364,#1868,#1869);
#1583=AXIS2_PLACEMENT_3D('',#2369,#1872,#1873);
#1584=AXIS2_PLACEMENT_3D('',#2375,#1877,#1878);
#1585=AXIS2_PLACEMENT_3D('',#2381,#1882,#1883);
#1586=AXIS2_PLACEMENT_3D('',#2382,#1884,#1885);
#1587=AXIS2_PLACEMENT_3D('',#2387,#1888,#1889);
#1588=AXIS2_PLACEMENT_3D('',#2388,#1890,#1891);
#1589=AXIS2_PLACEMENT_3D('',#2392,#1893,#1894);
#1590=AXIS2_PLACEMENT_3D('',#2396,#1896,#1897);
#1591=AXIS2_PLACEMENT_3D('',#2397,#1898,#1899);
#1592=AXIS2_PLACEMENT_3D('',#2401,#1901,#1902);
#1593=AXIS2_PLACEMENT_3D('',#2405,#1904,#1905);
#1594=AXIS2_PLACEMENT_3D('',#2406,#1906,#1907);
#1595=AXIS2_PLACEMENT_3D('',#2410,#1909,#1910);
#1596=AXIS2_PLACEMENT_3D('',#2414,#1912,#1913);
#1597=AXIS2_PLACEMENT_3D('',#2415,#1914,#1915);
#1598=AXIS2_PLACEMENT_3D('',#2419,#1917,#1918);
#1599=AXIS2_PLACEMENT_3D('',#2423,#1920,#1921);
#1600=AXIS2_PLACEMENT_3D('',#2424,#1922,#1923);
#1601=AXIS2_PLACEMENT_3D('',#2428,#1925,#1926);
#1602=AXIS2_PLACEMENT_3D('',#2432,#1928,#1929);
#1603=AXIS2_PLACEMENT_3D('',#2433,#1930,#1931);
#1604=AXIS2_PLACEMENT_3D('',#2437,#1933,#1934);
#1605=AXIS2_PLACEMENT_3D('',#2441,#1936,#1937);
#1606=AXIS2_PLACEMENT_3D('',#2442,#1938,#1939);
#1607=AXIS2_PLACEMENT_3D('',#2446,#1941,#1942);
#1608=AXIS2_PLACEMENT_3D('',#2450,#1944,#1945);
#1609=AXIS2_PLACEMENT_3D('',#2451,#1946,#1947);
#1610=AXIS2_PLACEMENT_3D('',#2455,#1949,#1950);
#1611=AXIS2_PLACEMENT_3D('',#2459,#1952,#1953);
#1612=AXIS2_PLACEMENT_3D('',#2460,#1954,#1955);
#1613=AXIS2_PLACEMENT_3D('',#2464,#1957,#1958);
#1614=AXIS2_PLACEMENT_3D('',#2468,#1960,#1961);
#1615=AXIS2_PLACEMENT_3D('',#2469,#1962,#1963);
#1616=AXIS2_PLACEMENT_3D('',#2473,#1965,#1966);
#1617=AXIS2_PLACEMENT_3D('',#2477,#1968,#1969);
#1618=AXIS2_PLACEMENT_3D('',#2478,#1970,#1971);
#1619=AXIS2_PLACEMENT_3D('',#2482,#1973,#1974);
#1620=AXIS2_PLACEMENT_3D('',#2486,#1976,#1977);
#1621=AXIS2_PLACEMENT_3D('',#2487,#1978,#1979);
#1622=AXIS2_PLACEMENT_3D('',#2491,#1981,#1982);
#1623=AXIS2_PLACEMENT_3D('',#2495,#1984,#1985);
#1624=AXIS2_PLACEMENT_3D('',#2496,#1986,#1987);
#1625=AXIS2_PLACEMENT_3D('',#2498,#1989,#1990);
#1626=AXIS2_PLACEMENT_3D('',#2500,#1992,#1993);
#1627=AXIS2_PLACEMENT_3D('',#2502,#1995,#1996);
#1628=AXIS2_PLACEMENT_3D('',#2504,#1998,#1999);
#1629=AXIS2_PLACEMENT_3D('',#2505,#2000,#2001);
#1630=AXIS2_PLACEMENT_3D('',#2507,#2003,#2004);
#1631=AXIS2_PLACEMENT_3D('',#2509,#2006,#2007);
#1632=AXIS2_PLACEMENT_3D('',#2511,#2009,#2010);
#1633=AXIS2_PLACEMENT_3D('',#2513,#2012,#2013);
#1634=AXIS2_PLACEMENT_3D('',#2514,#2014,#2015);
#1635=AXIS2_PLACEMENT_3D('',#2516,#2017,#2018);
#1636=AXIS2_PLACEMENT_3D('',#2518,#2020,#2021);
#1637=AXIS2_PLACEMENT_3D('',#2520,#2023,#2024);
#1638=AXIS2_PLACEMENT_3D('',#2522,#2026,#2027);
#1639=AXIS2_PLACEMENT_3D('',#2523,#2028,#2029);
#1640=AXIS2_PLACEMENT_3D('',#2525,#2031,#2032);
#1641=AXIS2_PLACEMENT_3D('',#2528,#2035,#2036);
#1642=AXIS2_PLACEMENT_3D('',#2529,#2037,#2038);
#1643=AXIS2_PLACEMENT_3D('',#2531,#2040,#2041);
#1644=AXIS2_PLACEMENT_3D('',#2532,#2042,#2043);
#1645=AXIS2_PLACEMENT_3D('',#2534,#2045,#2046);
#1646=AXIS2_PLACEMENT_3D('',#2536,#2048,#2049);
#1647=AXIS2_PLACEMENT_3D('',#2538,#2051,#2052);
#1648=AXIS2_PLACEMENT_3D('',#2540,#2054,#2055);
#1649=AXIS2_PLACEMENT_3D('',#2541,#2056,#2057);
#1650=AXIS2_PLACEMENT_3D('',#2543,#2059,#2060);
#1651=AXIS2_PLACEMENT_3D('',#2545,#2062,#2063);
#1652=AXIS2_PLACEMENT_3D('',#2547,#2065,#2066);
#1653=AXIS2_PLACEMENT_3D('',#2549,#2068,#2069);
#1654=AXIS2_PLACEMENT_3D('',#2550,#2070,#2071);
#1655=AXIS2_PLACEMENT_3D('',#2552,#2073,#2074);
#1656=AXIS2_PLACEMENT_3D('',#2554,#2076,#2077);
#1657=AXIS2_PLACEMENT_3D('',#2556,#2079,#2080);
#1658=AXIS2_PLACEMENT_3D('',#2558,#2082,#2083);
#1659=AXIS2_PLACEMENT_3D('',#2559,#2084,#2085);
#1660=AXIS2_PLACEMENT_3D('',#2561,#2087,#2088);
#1661=AXIS2_PLACEMENT_3D('',#2564,#2091,#2092);
#1662=AXIS2_PLACEMENT_3D('',#2565,#2093,#2094);
#1663=AXIS2_PLACEMENT_3D('',#2567,#2096,#2097);
#1664=AXIS2_PLACEMENT_3D('',#2568,#2098,#2099);
#1665=AXIS2_PLACEMENT_3D('',#2570,#2101,#2102);
#1666=AXIS2_PLACEMENT_3D('',#2572,#2104,#2105);
#1667=AXIS2_PLACEMENT_3D('',#2574,#2107,#2108);
#1668=AXIS2_PLACEMENT_3D('',#2576,#2110,#2111);
#1669=AXIS2_PLACEMENT_3D('',#2577,#2112,#2113);
#1670=AXIS2_PLACEMENT_3D('',#2579,#2115,#2116);
#1671=AXIS2_PLACEMENT_3D('',#2581,#2118,#2119);
#1672=AXIS2_PLACEMENT_3D('',#2583,#2121,#2122);
#1673=AXIS2_PLACEMENT_3D('',#2585,#2124,#2125);
#1674=AXIS2_PLACEMENT_3D('',#2586,#2126,#2127);
#1675=AXIS2_PLACEMENT_3D('',#2588,#2129,#2130);
#1676=AXIS2_PLACEMENT_3D('',#2590,#2132,#2133);
#1677=AXIS2_PLACEMENT_3D('',#2592,#2135,#2136);
#1678=AXIS2_PLACEMENT_3D('',#2594,#2138,#2139);
#1679=AXIS2_PLACEMENT_3D('',#2595,#2140,#2141);
#1680=AXIS2_PLACEMENT_3D('',#2597,#2143,#2144);
#1681=AXIS2_PLACEMENT_3D('',#2600,#2147,#2148);
#1682=AXIS2_PLACEMENT_3D('',#2601,#2149,#2150);
#1683=AXIS2_PLACEMENT_3D('',#2603,#2152,#2153);
#1684=DIRECTION('',(0.,0.,1.));
#1685=DIRECTION('',(1.,0.,0.));
#1686=DIRECTION('',(-2.40673449511804E-17,0.,1.));
#1687=DIRECTION('',(1.,0.,2.40673449511804E-17));
#1688=DIRECTION('',(-2.40673449511804E-17,0.,1.));
#1689=DIRECTION('',(1.,0.,2.40673449511804E-17));
#1690=DIRECTION('',(2.40673449511804E-17,0.,-1.));
#1691=DIRECTION('',(-1.,0.,-2.40673449511804E-17));
#1692=DIRECTION('',(1.60448966341169E-18,-1.48216406253263E-17,1.));
#1693=DIRECTION('',(-0.5,-0.866025403784439,-1.20336724755902E-17));
#1694=DIRECTION('',(0.866025403784439,-0.5,-8.80034912128722E-18));
#1695=DIRECTION('',(1.60448966341169E-18,-1.48216406253263E-17,1.));
#1696=DIRECTION('',(-0.5,-0.866025403784439,-1.20336724755902E-17));
#1697=DIRECTION('',(0.866025403784439,-0.5,-8.80034912128722E-18));
#1698=DIRECTION('',(1.60448966341169E-18,-1.48216406253263E-17,1.));
#1699=DIRECTION('',(-0.5,-0.866025403784439,-1.20336724755902E-17));
#1700=DIRECTION('',(0.5,0.866025403784439,1.20336724755902E-17));
#1701=DIRECTION('',(1.60448966341169E-18,-1.48216406253263E-17,1.));
#1702=DIRECTION('',(-0.5,-0.866025403784439,-1.20336724755902E-17));
#1703=DIRECTION('',(0.866025403784439,-0.5,-8.80034912128722E-18));
#1704=DIRECTION('',(1.60448966341169E-18,-1.48216406253263E-17,1.));
#1705=DIRECTION('',(-0.5,-0.866025403784439,-1.20336724755902E-17));
#1706=DIRECTION('',(0.866025403784439,-0.5,-8.80034912128722E-18));
#1707=DIRECTION('',(1.60448966341169E-18,-1.48216406253263E-17,1.));
#1708=DIRECTION('',(-0.5,-0.866025403784439,-1.20336724755902E-17));
#1709=DIRECTION('',(0.5,0.866025403784439,1.20336724755902E-17));
#1710=DIRECTION('',(-2.40673449511804E-17,0.,1.));
#1711=DIRECTION('',(-0.463268492634338,-0.886217977549716,-1.1149642617244E-17));
#1712=DIRECTION('',(0.886217977549716,-0.463268492634338,2.13289137676265E-17));
#1713=DIRECTION('',(-2.40673449511804E-17,0.,1.));
#1714=DIRECTION('',(-0.463268492634338,-0.886217977549716,-1.1149642617244E-17));
#1715=DIRECTION('',(0.886217977549716,-0.463268492634338,2.13289137676265E-17));
#1716=DIRECTION('',(-2.40673449511804E-17,0.,1.));
#1717=DIRECTION('',(-0.463268492634338,-0.886217977549716,-1.1149642617244E-17));
#1718=DIRECTION('',(2.40673449511804E-17,0.,-1.));
#1719=DIRECTION('',(-1.,0.,-2.40673449511804E-17));
#1720=DIRECTION('',(-2.40673449511804E-17,-3.08148791101958E-33,1.));
#1721=DIRECTION('',(0.510539620796726,-0.859854229271878,1.22873331649596E-17));
#1722=DIRECTION('',(0.859854229271878,0.510539620796726,2.06944083436177E-17));
#1723=DIRECTION('',(-2.40673449511804E-17,-3.08148791101958E-33,1.));
#1724=DIRECTION('',(0.510539620796726,-0.859854229271878,1.22873331649596E-17));
#1725=DIRECTION('',(0.859854229271878,0.510539620796726,2.06944083436177E-17));
#1726=DIRECTION('',(-2.40673449511804E-17,-3.08148791101958E-33,1.));
#1727=DIRECTION('',(0.510539620796726,-0.859854229271878,1.22873331649596E-17));
#1728=DIRECTION('',(2.40673449511804E-17,0.,-1.));
#1729=DIRECTION('',(-1.,0.,-2.40673449511804E-17));
#1730=DIRECTION('',(-2.40673449511804E-17,-1.00629839594233E-32,1.));
#1731=DIRECTION('',(0.999847018160818,-0.0174911484734613,2.40636630844855E-17));
#1732=DIRECTION('',(0.0174911484734613,0.999847018160818,4.20965503903116E-19));
#1733=DIRECTION('',(-2.40673449511804E-17,-1.00629839594233E-32,1.));
#1734=DIRECTION('',(0.999847018160818,-0.0174911484734613,2.40636630844855E-17));
#1735=DIRECTION('',(0.0174911484734613,0.999847018160818,4.20965503903116E-19));
#1736=DIRECTION('',(-2.40673449511804E-17,-1.00629839594233E-32,1.));
#1737=DIRECTION('',(0.999847018160818,-0.0174911484734613,2.40636630844855E-17));
#1738=DIRECTION('',(-1.,3.11484133968862E-16,-2.40673449511804E-17));
#1739=DIRECTION('',(-2.40673449511804E-17,2.96432812506528E-17,1.));
#1740=DIRECTION('',(1.,-4.57966997657877E-16,2.40673449511804E-17));
#1741=DIRECTION('',(4.57966997657877E-16,1.,-2.96432812506528E-17));
#1742=DIRECTION('',(-2.40673449511804E-17,2.96432812506528E-17,1.));
#1743=DIRECTION('',(1.,-4.57966997657877E-16,2.40673449511804E-17));
#1744=DIRECTION('',(4.57966997657877E-16,1.,-2.96432812506528E-17));
#1745=DIRECTION('',(-2.40673449511804E-17,2.96432812506528E-17,1.));
#1746=DIRECTION('',(1.,-4.57966997657877E-16,2.40673449511804E-17));
#1747=DIRECTION('',(-1.,3.11484133968862E-16,-2.40673449511804E-17));
#1748=DIRECTION('',(-2.40673449511804E-17,-1.2374099892688E-32,1.));
#1749=DIRECTION('',(0.999847018160818,0.0174911484734622,2.40636630844855E-17));
#1750=DIRECTION('',(-0.0174911484734622,0.999847018160818,-4.20965503903123E-19));
#1751=DIRECTION('',(-2.40673449511804E-17,-1.2374099892688E-32,1.));
#1752=DIRECTION('',(0.999847018160818,0.0174911484734622,2.40636630844855E-17));
#1753=DIRECTION('',(-0.0174911484734622,0.999847018160818,-4.20965503903123E-19));
#1754=DIRECTION('',(-2.40673449511804E-17,-1.2374099892688E-32,1.));
#1755=DIRECTION('',(0.999847018160818,0.0174911484734622,2.40636630844855E-17));
#1756=DIRECTION('',(2.40673449511804E-17,0.,-1.));
#1757=DIRECTION('',(-1.,0.,-2.40673449511804E-17));
#1758=DIRECTION('',(-2.40673449511804E-17,0.,1.));
#1759=DIRECTION('',(0.510539620796724,0.859854229271879,1.22873331649596E-17));
#1760=DIRECTION('',(-0.859854229271879,0.510539620796724,-2.06944083436177E-17));
#1761=DIRECTION('',(-2.40673449511804E-17,0.,1.));
#1762=DIRECTION('',(0.510539620796724,0.859854229271879,1.22873331649596E-17));
#1763=DIRECTION('',(-0.859854229271879,0.510539620796724,-2.06944083436177E-17));
#1764=DIRECTION('',(-2.40673449511804E-17,0.,1.));
#1765=DIRECTION('',(0.510539620796724,0.859854229271879,1.22873331649596E-17));
#1766=DIRECTION('',(2.40673449511804E-17,0.,-1.));
#1767=DIRECTION('',(-1.,0.,-2.40673449511804E-17));
#1768=DIRECTION('',(-2.40673449511804E-17,6.16297582203916E-33,1.));
#1769=DIRECTION('',(-0.463268492634338,0.886217977549716,-1.1149642617244E-17));
#1770=DIRECTION('',(-0.886217977549716,-0.463268492634338,-2.13289137676265E-17));
#1771=DIRECTION('',(-2.40673449511804E-17,6.16297582203916E-33,1.));
#1772=DIRECTION('',(-0.463268492634338,0.886217977549716,-1.1149642617244E-17));
#1773=DIRECTION('',(-0.886217977549716,-0.463268492634338,-2.13289137676265E-17));
#1774=DIRECTION('',(-2.40673449511804E-17,6.16297582203916E-33,1.));
#1775=DIRECTION('',(-0.463268492634338,0.886217977549716,-1.1149642617244E-17));
#1776=DIRECTION('',(0.5,-0.866025403784439,1.20336724755902E-17));
#1777=DIRECTION('',(-4.97391795657727E-17,-1.48216406253264E-17,1.));
#1778=DIRECTION('',(-0.5,0.866025403784439,-1.20336724755902E-17));
#1779=DIRECTION('',(-0.866025403784439,-0.5,-5.04862133800182E-17));
#1780=DIRECTION('',(-4.97391795657727E-17,-1.48216406253264E-17,1.));
#1781=DIRECTION('',(-0.5,0.866025403784439,-1.20336724755902E-17));
#1782=DIRECTION('',(-0.866025403784439,-0.5,-5.04862133800182E-17));
#1783=DIRECTION('',(-4.97391795657727E-17,-1.48216406253264E-17,1.));
#1784=DIRECTION('',(-0.5,0.866025403784439,-1.20336724755902E-17));
#1785=DIRECTION('',(0.5,-0.866025403784439,1.20336724755902E-17));
#1786=DIRECTION('',(-4.97391795657727E-17,-1.48216406253264E-17,1.));
#1787=DIRECTION('',(-0.5,0.866025403784439,-1.20336724755902E-17));
#1788=DIRECTION('',(-0.866025403784439,-0.5,-5.04862133800182E-17));
#1789=DIRECTION('',(-4.97391795657727E-17,-1.48216406253264E-17,1.));
#1790=DIRECTION('',(-0.5,0.866025403784439,-1.20336724755902E-17));
#1791=DIRECTION('',(-0.866025403784439,-0.5,-5.04862133800182E-17));
#1792=DIRECTION('',(-4.97391795657727E-17,-1.48216406253264E-17,1.));
#1793=DIRECTION('',(-0.5,0.866025403784439,-1.20336724755902E-17));
#1794=DIRECTION('',(2.40673449511804E-17,0.,-1.));
#1795=DIRECTION('',(-1.,0.,-2.40673449511804E-17));
#1796=DIRECTION('',(-2.40673449511804E-17,0.,1.));
#1797=DIRECTION('',(-1.,0.,-2.40673449511804E-17));
#1798=DIRECTION('',(0.,-1.,0.));
#1799=DIRECTION('',(-2.40673449511804E-17,0.,1.));
#1800=DIRECTION('',(-1.,0.,-2.40673449511804E-17));
#1801=DIRECTION('',(0.,-1.,0.));
#1802=DIRECTION('',(-2.40673449511804E-17,0.,1.));
#1803=DIRECTION('',(-1.,0.,-2.40673449511804E-17));
#1804=DIRECTION('',(-2.40673449511804E-17,0.,1.));
#1805=DIRECTION('',(1.,0.,2.40673449511804E-17));
#1806=DIRECTION('',(-2.40673449511804E-17,0.,1.));
#1807=DIRECTION('',(1.,0.,2.40673449511804E-17));
#1808=DIRECTION('',(-2.40673449511804E-17,0.,1.));
#1809=DIRECTION('',(1.,0.,2.40673449511804E-17));
#1810=DIRECTION('',(-2.40673449511804E-17,0.,1.));
#1811=DIRECTION('',(1.,0.,2.40673449511804E-17));
#1812=DIRECTION('',(-2.40673449511804E-17,0.,1.));
#1813=DIRECTION('',(1.,0.,2.40673449511804E-17));
#1814=DIRECTION('',(-2.40673449511804E-17,0.,1.));
#1815=DIRECTION('',(1.,0.,2.40673449511804E-17));
#1816=DIRECTION('',(-2.40673449511804E-17,0.,1.));
#1817=DIRECTION('',(1.,0.,2.40673449511804E-17));
#1818=DIRECTION('',(-2.40673449511804E-17,0.,1.));
#1819=DIRECTION('',(1.,0.,2.40673449511804E-17));
#1820=DIRECTION('',(-2.40673449511804E-17,0.,1.));
#1821=DIRECTION('',(1.,0.,2.40673449511804E-17));
#1822=DIRECTION('',(-0.866025403784439,0.5,-2.08429321293654E-17));
#1823=DIRECTION('',(-0.5,-0.866025403784439,0.));
#1824=DIRECTION('',(-1.60448966341169E-18,1.48216406253263E-17,-1.));
#1825=DIRECTION('',(0.5,0.866025403784439,1.20336724755902E-17));
#1826=DIRECTION('',(-1.60448966341169E-18,1.48216406253263E-17,-1.));
#1827=DIRECTION('',(2.40673449511804E-17,0.,-1.));
#1828=DIRECTION('',(-1.,0.,-2.40673449511804E-17));
#1829=DIRECTION('',(2.40673449511804E-17,0.,-1.));
#1830=DIRECTION('',(2.40673449511804E-17,0.,-1.));
#1831=DIRECTION('',(-1.,0.,-2.40673449511804E-17));
#1832=DIRECTION('',(-1.60448966341169E-18,1.48216406253263E-17,-1.));
#1833=DIRECTION('',(-0.866025403784439,0.5,-2.08429321293654E-17));
#1834=DIRECTION('',(-0.5,-0.866025403784439,0.));
#1835=DIRECTION('',(-1.60448966341169E-18,1.48216406253263E-17,-1.));
#1836=DIRECTION('',(0.5,0.866025403784439,1.20336724755902E-17));
#1837=DIRECTION('',(2.40673449511804E-17,0.,-1.));
#1838=DIRECTION('',(2.40673449511804E-17,0.,-1.));
#1839=DIRECTION('',(-1.,0.,-2.40673449511804E-17));
#1840=DIRECTION('',(2.40673449511804E-17,0.,-1.));
#1841=DIRECTION('',(-1.,0.,-2.40673449511804E-17));
#1842=DIRECTION('',(2.40673449511804E-17,3.08148791101958E-33,-1.));
#1843=DIRECTION('',(2.40673449511804E-17,0.,-1.));
#1844=DIRECTION('',(2.40673449511804E-17,0.,-1.));
#1845=DIRECTION('',(-1.,0.,-2.40673449511804E-17));
#1846=DIRECTION('',(2.40673449511804E-17,0.,-1.));
#1847=DIRECTION('',(-1.,0.,-2.40673449511804E-17));
#1848=DIRECTION('',(2.40673449511804E-17,1.00629839594233E-32,-1.));
#1849=DIRECTION('',(2.40673449511804E-17,3.08148791101958E-33,-1.));
#1850=DIRECTION('',(-3.11484133968862E-16,-1.,-7.49659609904832E-33));
#1851=DIRECTION('',(1.,-3.11484133968862E-16,0.));
#1852=DIRECTION('',(2.40673449511804E-17,1.00629839594233E-32,-1.));
#1853=DIRECTION('',(-1.,3.11484133968862E-16,-2.40673449511804E-17));
#1854=DIRECTION('',(2.40673449511804E-17,-2.96432812506528E-17,-1.));
#1855=DIRECTION('',(-3.11484133968862E-16,-1.,-7.49659609904832E-33));
#1856=DIRECTION('',(1.,-3.11484133968862E-16,0.));
#1857=DIRECTION('',(2.40673449511804E-17,-2.96432812506528E-17,-1.));
#1858=DIRECTION('',(-1.,3.11484133968862E-16,-2.40673449511804E-17));
#1859=DIRECTION('',(2.40673449511804E-17,1.2374099892688E-32,-1.));
#1860=DIRECTION('',(2.40673449511804E-17,0.,-1.));
#1861=DIRECTION('',(-1.,0.,-2.40673449511804E-17));
#1862=DIRECTION('',(2.40673449511804E-17,0.,-1.));
#1863=DIRECTION('',(-1.,0.,-2.40673449511804E-17));
#1864=DIRECTION('',(2.40673449511804E-17,0.,-1.));
#1865=DIRECTION('',(2.40673449511804E-17,1.2374099892688E-32,-1.));
#1866=DIRECTION('',(2.40673449511804E-17,0.,-1.));
#1867=DIRECTION('',(-1.,0.,-2.40673449511804E-17));
#1868=DIRECTION('',(2.40673449511804E-17,0.,-1.));
#1869=DIRECTION('',(-1.,0.,-2.40673449511804E-17));
#1870=DIRECTION('',(2.40673449511804E-17,-6.16297582203916E-33,-1.));
#1871=DIRECTION('',(2.40673449511804E-17,0.,-1.));
#1872=DIRECTION('',(0.866025403784439,0.5,2.08429321293654E-17));
#1873=DIRECTION('',(-0.5,0.866025403784439,0.));
#1874=DIRECTION('',(2.40673449511804E-17,-6.16297582203916E-33,-1.));
#1875=DIRECTION('',(0.5,-0.866025403784439,1.20336724755902E-17));
#1876=DIRECTION('',(4.97391795657727E-17,1.48216406253264E-17,-1.));
#1877=DIRECTION('',(0.866025403784439,0.5,2.08429321293654E-17));
#1878=DIRECTION('',(-0.5,0.866025403784439,0.));
#1879=DIRECTION('',(4.97391795657727E-17,1.48216406253264E-17,-1.));
#1880=DIRECTION('',(0.5,-0.866025403784439,1.20336724755902E-17));
#1881=DIRECTION('',(4.97391795657727E-17,1.48216406253264E-17,-1.));
#1882=DIRECTION('',(2.40673449511804E-17,0.,-1.));
#1883=DIRECTION('',(-1.,0.,-2.40673449511804E-17));
#1884=DIRECTION('',(2.40673449511804E-17,0.,-1.));
#1885=DIRECTION('',(-1.,0.,-2.40673449511804E-17));
#1886=DIRECTION('',(2.40673449511804E-17,0.,-1.));
#1887=DIRECTION('',(4.97391795657727E-17,1.48216406253264E-17,-1.));
#1888=DIRECTION('',(2.40673449511804E-17,0.,-1.));
#1889=DIRECTION('',(1.,0.,2.40673449511804E-17));
#1890=DIRECTION('',(1.60448966341169E-18,-1.48216406253263E-17,1.));
#1891=DIRECTION('',(-0.5,-0.866025403784439,-1.20336724755902E-17));
#1892=DIRECTION('',(0.866025403784439,-0.5,-8.80034912128722E-18));
#1893=DIRECTION('',(1.60448966341169E-18,-1.48216406253263E-17,1.));
#1894=DIRECTION('',(-0.5,-0.866025403784439,-1.20336724755902E-17));
#1895=DIRECTION('',(0.866025403784439,-0.5,-8.80034912128722E-18));
#1896=DIRECTION('',(1.60448966341169E-18,-1.48216406253263E-17,1.));
#1897=DIRECTION('',(-0.5,-0.866025403784439,-1.20336724755902E-17));
#1898=DIRECTION('',(-2.40673449511804E-17,0.,1.));
#1899=DIRECTION('',(-1.,0.,-2.40673449511804E-17));
#1900=DIRECTION('',(0.,-1.,0.));
#1901=DIRECTION('',(-2.40673449511804E-17,0.,1.));
#1902=DIRECTION('',(-1.,0.,-2.40673449511804E-17));
#1903=DIRECTION('',(0.,-1.,0.));
#1904=DIRECTION('',(-2.40673449511804E-17,0.,1.));
#1905=DIRECTION('',(-1.,0.,-2.40673449511804E-17));
#1906=DIRECTION('',(-4.97391795657727E-17,-1.48216406253264E-17,1.));
#1907=DIRECTION('',(-0.5,0.866025403784439,-1.20336724755902E-17));
#1908=DIRECTION('',(-0.866025403784439,-0.5,-5.04862133800182E-17));
#1909=DIRECTION('',(-4.97391795657727E-17,-1.48216406253264E-17,1.));
#1910=DIRECTION('',(-0.5,0.866025403784439,-1.20336724755902E-17));
#1911=DIRECTION('',(-0.866025403784439,-0.5,-5.04862133800182E-17));
#1912=DIRECTION('',(-4.97391795657727E-17,-1.48216406253264E-17,1.));
#1913=DIRECTION('',(-0.5,0.866025403784439,-1.20336724755902E-17));
#1914=DIRECTION('',(-4.97391795657727E-17,-1.48216406253264E-17,1.));
#1915=DIRECTION('',(-0.5,0.866025403784439,-1.20336724755902E-17));
#1916=DIRECTION('',(-0.866025403784439,-0.5,-5.04862133800182E-17));
#1917=DIRECTION('',(-4.97391795657727E-17,-1.48216406253264E-17,1.));
#1918=DIRECTION('',(-0.5,0.866025403784439,-1.20336724755902E-17));
#1919=DIRECTION('',(-0.866025403784439,-0.5,-5.04862133800182E-17));
#1920=DIRECTION('',(-4.97391795657727E-17,-1.48216406253264E-17,1.));
#1921=DIRECTION('',(-0.5,0.866025403784439,-1.20336724755902E-17));
#1922=DIRECTION('',(-2.40673449511804E-17,6.16297582203916E-33,1.));
#1923=DIRECTION('',(-0.463268492634338,0.886217977549716,-1.1149642617244E-17));
#1924=DIRECTION('',(-0.886217977549716,-0.463268492634338,-2.13289137676265E-17));
#1925=DIRECTION('',(-2.40673449511804E-17,6.16297582203916E-33,1.));
#1926=DIRECTION('',(-0.463268492634338,0.886217977549716,-1.1149642617244E-17));
#1927=DIRECTION('',(-0.886217977549716,-0.463268492634338,-2.13289137676265E-17));
#1928=DIRECTION('',(-2.40673449511804E-17,6.16297582203916E-33,1.));
#1929=DIRECTION('',(-0.463268492634338,0.886217977549716,-1.1149642617244E-17));
#1930=DIRECTION('',(-2.40673449511804E-17,0.,1.));
#1931=DIRECTION('',(0.510539620796724,0.859854229271879,1.22873331649596E-17));
#1932=DIRECTION('',(-0.859854229271879,0.510539620796724,-2.06944083436177E-17));
#1933=DIRECTION('',(-2.40673449511804E-17,0.,1.));
#1934=DIRECTION('',(0.510539620796724,0.859854229271879,1.22873331649596E-17));
#1935=DIRECTION('',(-0.859854229271879,0.510539620796724,-2.06944083436177E-17));
#1936=DIRECTION('',(-2.40673449511804E-17,0.,1.));
#1937=DIRECTION('',(0.510539620796724,0.859854229271879,1.22873331649596E-17));
#1938=DIRECTION('',(-2.40673449511804E-17,-1.2374099892688E-32,1.));
#1939=DIRECTION('',(0.999847018160818,0.0174911484734622,2.40636630844855E-17));
#1940=DIRECTION('',(-0.0174911484734622,0.999847018160818,-4.20965503903123E-19));
#1941=DIRECTION('',(-2.40673449511804E-17,-1.2374099892688E-32,1.));
#1942=DIRECTION('',(0.999847018160818,0.0174911484734622,2.40636630844855E-17));
#1943=DIRECTION('',(-0.0174911484734622,0.999847018160818,-4.20965503903123E-19));
#1944=DIRECTION('',(-2.40673449511804E-17,-1.2374099892688E-32,1.));
#1945=DIRECTION('',(0.999847018160818,0.0174911484734622,2.40636630844855E-17));
#1946=DIRECTION('',(-2.40673449511804E-17,2.96432812506528E-17,1.));
#1947=DIRECTION('',(1.,-4.57966997657877E-16,2.40673449511804E-17));
#1948=DIRECTION('',(4.57966997657877E-16,1.,-2.96432812506528E-17));
#1949=DIRECTION('',(-2.40673449511804E-17,2.96432812506528E-17,1.));
#1950=DIRECTION('',(1.,-4.57966997657877E-16,2.40673449511804E-17));
#1951=DIRECTION('',(4.57966997657877E-16,1.,-2.96432812506528E-17));
#1952=DIRECTION('',(-2.40673449511804E-17,2.96432812506528E-17,1.));
#1953=DIRECTION('',(1.,-4.57966997657877E-16,2.40673449511804E-17));
#1954=DIRECTION('',(-2.40673449511804E-17,-1.00629839594233E-32,1.));
#1955=DIRECTION('',(0.999847018160818,-0.0174911484734613,2.40636630844855E-17));
#1956=DIRECTION('',(0.0174911484734613,0.999847018160818,4.20965503903116E-19));
#1957=DIRECTION('',(-2.40673449511804E-17,-1.00629839594233E-32,1.));
#1958=DIRECTION('',(0.999847018160818,-0.0174911484734613,2.40636630844855E-17));
#1959=DIRECTION('',(0.0174911484734613,0.999847018160818,4.20965503903116E-19));
#1960=DIRECTION('',(-2.40673449511804E-17,-1.00629839594233E-32,1.));
#1961=DIRECTION('',(0.999847018160818,-0.0174911484734613,2.40636630844855E-17));
#1962=DIRECTION('',(-2.40673449511804E-17,-3.08148791101958E-33,1.));
#1963=DIRECTION('',(0.510539620796726,-0.859854229271878,1.22873331649596E-17));
#1964=DIRECTION('',(0.859854229271878,0.510539620796726,2.06944083436177E-17));
#1965=DIRECTION('',(-2.40673449511804E-17,-3.08148791101958E-33,1.));
#1966=DIRECTION('',(0.510539620796726,-0.859854229271878,1.22873331649596E-17));
#1967=DIRECTION('',(0.859854229271878,0.510539620796726,2.06944083436177E-17));
#1968=DIRECTION('',(-2.40673449511804E-17,-3.08148791101958E-33,1.));
#1969=DIRECTION('',(0.510539620796726,-0.859854229271878,1.22873331649596E-17));
#1970=DIRECTION('',(-2.40673449511804E-17,0.,1.));
#1971=DIRECTION('',(-0.463268492634338,-0.886217977549716,-1.1149642617244E-17));
#1972=DIRECTION('',(0.886217977549716,-0.463268492634338,2.13289137676265E-17));
#1973=DIRECTION('',(-2.40673449511804E-17,0.,1.));
#1974=DIRECTION('',(-0.463268492634338,-0.886217977549716,-1.1149642617244E-17));
#1975=DIRECTION('',(0.886217977549716,-0.463268492634338,2.13289137676265E-17));
#1976=DIRECTION('',(-2.40673449511804E-17,0.,1.));
#1977=DIRECTION('',(-0.463268492634338,-0.886217977549716,-1.1149642617244E-17));
#1978=DIRECTION('',(1.60448966341169E-18,-1.48216406253263E-17,1.));
#1979=DIRECTION('',(-0.5,-0.866025403784439,-1.20336724755902E-17));
#1980=DIRECTION('',(0.866025403784439,-0.5,-8.80034912128722E-18));
#1981=DIRECTION('',(1.60448966341169E-18,-1.48216406253263E-17,1.));
#1982=DIRECTION('',(-0.5,-0.866025403784439,-1.20336724755902E-17));
#1983=DIRECTION('',(0.866025403784439,-0.5,-8.80034912128722E-18));
#1984=DIRECTION('',(1.60448966341169E-18,-1.48216406253263E-17,1.));
#1985=DIRECTION('',(-0.5,-0.866025403784439,-1.20336724755902E-17));
#1986=DIRECTION('',(2.40673449511804E-17,0.,-1.));
#1987=DIRECTION('',(-1.,0.,-2.40673449511804E-17));
#1988=DIRECTION('',(2.40673449511804E-17,0.,-1.));
#1989=DIRECTION('',(1.,0.,2.40673449511804E-17));
#1990=DIRECTION('',(2.40673449511804E-17,0.,-1.));
#1991=DIRECTION('',(2.40673449511804E-17,0.,-1.));
#1992=DIRECTION('',(2.40673449511804E-17,0.,-1.));
#1993=DIRECTION('',(-1.,0.,-2.40673449511804E-17));
#1994=DIRECTION('',(2.40673449511804E-17,0.,-1.));
#1995=DIRECTION('',(1.,0.,2.40673449511804E-17));
#1996=DIRECTION('',(2.40673449511804E-17,0.,-1.));
#1997=DIRECTION('',(2.40673449511804E-17,0.,-1.));
#1998=DIRECTION('',(2.40673449511804E-17,0.,-1.));
#1999=DIRECTION('',(-1.,0.,-2.40673449511804E-17));
#2000=DIRECTION('',(4.97391795657727E-17,1.48216406253264E-17,-1.));
#2001=DIRECTION('',(-0.5,0.866025403784439,-1.20336724755902E-17));
#2002=DIRECTION('',(4.97391795657727E-17,1.48216406253264E-17,-1.));
#2003=DIRECTION('',(0.5,-0.866025403784439,1.20336724755902E-17));
#2004=DIRECTION('',(4.97391795657727E-17,1.48216406253264E-17,-1.));
#2005=DIRECTION('',(4.97391795657727E-17,1.48216406253264E-17,-1.));
#2006=DIRECTION('',(4.97391795657727E-17,1.48216406253264E-17,-1.));
#2007=DIRECTION('',(-0.5,0.866025403784439,-1.20336724755902E-17));
#2008=DIRECTION('',(4.97391795657727E-17,1.48216406253264E-17,-1.));
#2009=DIRECTION('',(0.5,-0.866025403784439,1.20336724755902E-17));
#2010=DIRECTION('',(4.97391795657727E-17,1.48216406253264E-17,-1.));
#2011=DIRECTION('',(4.97391795657727E-17,1.48216406253264E-17,-1.));
#2012=DIRECTION('',(4.97391795657727E-17,1.48216406253264E-17,-1.));
#2013=DIRECTION('',(-0.5,0.866025403784439,-1.20336724755902E-17));
#2014=DIRECTION('',(4.97391795657727E-17,1.48216406253264E-17,-1.));
#2015=DIRECTION('',(-0.5,0.866025403784439,-1.20336724755902E-17));
#2016=DIRECTION('',(4.97391795657727E-17,1.48216406253264E-17,-1.));
#2017=DIRECTION('',(4.97391795657727E-17,1.48216406253264E-17,-1.));
#2018=DIRECTION('',(-0.5,0.866025403784439,-1.20336724755902E-17));
#2019=DIRECTION('',(4.97391795657727E-17,1.48216406253264E-17,-1.));
#2020=DIRECTION('',(0.5,-0.866025403784439,1.20336724755902E-17));
#2021=DIRECTION('',(4.97391795657727E-17,1.48216406253264E-17,-1.));
#2022=DIRECTION('',(4.97391795657727E-17,1.48216406253264E-17,-1.));
#2023=DIRECTION('',(0.5,-0.866025403784439,1.20336724755902E-17));
#2024=DIRECTION('',(4.97391795657727E-17,1.48216406253264E-17,-1.));
#2025=DIRECTION('',(4.97391795657727E-17,1.48216406253264E-17,-1.));
#2026=DIRECTION('',(4.97391795657727E-17,1.48216406253264E-17,-1.));
#2027=DIRECTION('',(-0.5,0.866025403784439,-1.20336724755902E-17));
#2028=DIRECTION('',(2.40673449511804E-17,-6.16297582203916E-33,-1.));
#2029=DIRECTION('',(-0.463268492634338,0.886217977549716,-1.1149642617244E-17));
#2030=DIRECTION('',(2.40673449511804E-17,-6.16297582203916E-33,-1.));
#2031=DIRECTION('',(0.463268492634338,-0.886217977549716,1.1149642617244E-17));
#2032=DIRECTION('',(2.40673449511804E-17,-6.16297582203916E-33,-1.));
#2033=DIRECTION('',(2.40673449511804E-17,-6.16297582203916E-33,-1.));
#2034=DIRECTION('',(2.40673449511804E-17,-6.16297582203916E-33,-1.));
#2035=DIRECTION('',(2.40673449511804E-17,-6.16297582203916E-33,-1.));
#2036=DIRECTION('',(-0.463268492634338,0.886217977549716,-1.1149642617244E-17));
#2037=DIRECTION('',(0.463268492634338,-0.886217977549716,1.1149642617244E-17));
#2038=DIRECTION('',(2.40673449511804E-17,-6.16297582203916E-33,-1.));
#2039=DIRECTION('',(2.40673449511804E-17,-6.16297582203916E-33,-1.));
#2040=DIRECTION('',(2.40673449511804E-17,-6.16297582203916E-33,-1.));
#2041=DIRECTION('',(-0.463268492634338,0.886217977549716,-1.1149642617244E-17));
#2042=DIRECTION('',(2.40673449511804E-17,0.,-1.));
#2043=DIRECTION('',(0.510539620796724,0.859854229271879,1.22873331649596E-17));
#2044=DIRECTION('',(2.40673449511804E-17,0.,-1.));
#2045=DIRECTION('',(-0.510539620796724,-0.859854229271879,-1.22873331649596E-17));
#2046=DIRECTION('',(2.40673449511804E-17,0.,-1.));
#2047=DIRECTION('',(2.40673449511804E-17,0.,-1.));
#2048=DIRECTION('',(2.40673449511804E-17,0.,-1.));
#2049=DIRECTION('',(0.510539620796724,0.859854229271879,1.22873331649596E-17));
#2050=DIRECTION('',(2.40673449511804E-17,0.,-1.));
#2051=DIRECTION('',(-0.510539620796724,-0.859854229271879,-1.22873331649596E-17));
#2052=DIRECTION('',(2.40673449511804E-17,0.,-1.));
#2053=DIRECTION('',(2.40673449511804E-17,0.,-1.));
#2054=DIRECTION('',(2.40673449511804E-17,0.,-1.));
#2055=DIRECTION('',(0.510539620796724,0.859854229271879,1.22873331649596E-17));
#2056=DIRECTION('',(2.40673449511804E-17,1.2374099892688E-32,-1.));
#2057=DIRECTION('',(0.999847018160818,0.0174911484734622,2.40636630844855E-17));
#2058=DIRECTION('',(2.40673449511804E-17,1.2374099892688E-32,-1.));
#2059=DIRECTION('',(-0.999847018160818,-0.0174911484734622,-2.40636630844855E-17));
#2060=DIRECTION('',(2.40673449511804E-17,1.2374099892688E-32,-1.));
#2061=DIRECTION('',(2.40673449511804E-17,1.2374099892688E-32,-1.));
#2062=DIRECTION('',(2.40673449511804E-17,1.2374099892688E-32,-1.));
#2063=DIRECTION('',(0.999847018160818,0.0174911484734622,2.40636630844855E-17));
#2064=DIRECTION('',(2.40673449511804E-17,1.2374099892688E-32,-1.));
#2065=DIRECTION('',(-0.999847018160818,-0.0174911484734622,-2.40636630844855E-17));
#2066=DIRECTION('',(2.40673449511804E-17,1.2374099892688E-32,-1.));
#2067=DIRECTION('',(2.40673449511804E-17,1.2374099892688E-32,-1.));
#2068=DIRECTION('',(2.40673449511804E-17,1.2374099892688E-32,-1.));
#2069=DIRECTION('',(0.999847018160818,0.0174911484734622,2.40636630844855E-17));
#2070=DIRECTION('',(2.40673449511804E-17,-2.96432812506528E-17,-1.));
#2071=DIRECTION('',(1.,-4.57966997657877E-16,2.40673449511804E-17));
#2072=DIRECTION('',(2.40673449511804E-17,-2.96432812506528E-17,-1.));
#2073=DIRECTION('',(2.40673449511804E-17,-2.96432812506528E-17,-1.));
#2074=DIRECTION('',(1.,-4.57966997657877E-16,2.40673449511804E-17));
#2075=DIRECTION('',(2.40673449511804E-17,-2.96432812506528E-17,-1.));
#2076=DIRECTION('',(-1.,4.57966997657877E-16,-2.40673449511804E-17));
#2077=DIRECTION('',(2.40673449511804E-17,-2.96432812506528E-17,-1.));
#2078=DIRECTION('',(2.40673449511804E-17,-2.96432812506528E-17,-1.));
#2079=DIRECTION('',(-1.,4.57966997657877E-16,-2.40673449511804E-17));
#2080=DIRECTION('',(2.40673449511804E-17,-2.96432812506528E-17,-1.));
#2081=DIRECTION('',(2.40673449511804E-17,-2.96432812506528E-17,-1.));
#2082=DIRECTION('',(2.40673449511804E-17,-2.96432812506528E-17,-1.));
#2083=DIRECTION('',(1.,-4.57966997657877E-16,2.40673449511804E-17));
#2084=DIRECTION('',(2.40673449511804E-17,1.00629839594233E-32,-1.));
#2085=DIRECTION('',(0.999847018160818,-0.0174911484734613,2.40636630844855E-17));
#2086=DIRECTION('',(2.40673449511804E-17,1.00629839594233E-32,-1.));
#2087=DIRECTION('',(-0.999847018160818,0.0174911484734613,-2.40636630844855E-17));
#2088=DIRECTION('',(2.40673449511804E-17,1.00629839594233E-32,-1.));
#2089=DIRECTION('',(2.40673449511804E-17,1.00629839594233E-32,-1.));
#2090=DIRECTION('',(2.40673449511804E-17,1.00629839594233E-32,-1.));
#2091=DIRECTION('',(2.40673449511804E-17,1.00629839594233E-32,-1.));
#2092=DIRECTION('',(0.999847018160818,-0.0174911484734613,2.40636630844855E-17));
#2093=DIRECTION('',(-0.999847018160818,0.0174911484734613,-2.40636630844855E-17));
#2094=DIRECTION('',(2.40673449511804E-17,1.00629839594233E-32,-1.));
#2095=DIRECTION('',(2.40673449511804E-17,1.00629839594233E-32,-1.));
#2096=DIRECTION('',(2.40673449511804E-17,1.00629839594233E-32,-1.));
#2097=DIRECTION('',(0.999847018160818,-0.0174911484734613,2.40636630844855E-17));
#2098=DIRECTION('',(2.40673449511804E-17,3.08148791101958E-33,-1.));
#2099=DIRECTION('',(0.510539620796726,-0.859854229271878,1.22873331649596E-17));
#2100=DIRECTION('',(2.40673449511804E-17,3.08148791101958E-33,-1.));
#2101=DIRECTION('',(-0.510539620796726,0.859854229271878,-1.22873331649596E-17));
#2102=DIRECTION('',(2.40673449511804E-17,3.08148791101958E-33,-1.));
#2103=DIRECTION('',(2.40673449511804E-17,3.08148791101958E-33,-1.));
#2104=DIRECTION('',(2.40673449511804E-17,3.08148791101958E-33,-1.));
#2105=DIRECTION('',(0.510539620796726,-0.859854229271878,1.22873331649596E-17));
#2106=DIRECTION('',(2.40673449511804E-17,3.08148791101958E-33,-1.));
#2107=DIRECTION('',(-0.510539620796726,0.859854229271878,-1.22873331649596E-17));
#2108=DIRECTION('',(2.40673449511804E-17,3.08148791101958E-33,-1.));
#2109=DIRECTION('',(2.40673449511804E-17,3.08148791101958E-33,-1.));
#2110=DIRECTION('',(2.40673449511804E-17,3.08148791101958E-33,-1.));
#2111=DIRECTION('',(0.510539620796726,-0.859854229271878,1.22873331649596E-17));
#2112=DIRECTION('',(2.40673449511804E-17,0.,-1.));
#2113=DIRECTION('',(-0.463268492634338,-0.886217977549716,-1.1149642617244E-17));
#2114=DIRECTION('',(2.40673449511804E-17,0.,-1.));
#2115=DIRECTION('',(0.463268492634338,0.886217977549716,1.1149642617244E-17));
#2116=DIRECTION('',(2.40673449511804E-17,0.,-1.));
#2117=DIRECTION('',(2.40673449511804E-17,0.,-1.));
#2118=DIRECTION('',(2.40673449511804E-17,0.,-1.));
#2119=DIRECTION('',(-0.463268492634338,-0.886217977549716,-1.1149642617244E-17));
#2120=DIRECTION('',(2.40673449511804E-17,0.,-1.));
#2121=DIRECTION('',(0.463268492634338,0.886217977549716,1.1149642617244E-17));
#2122=DIRECTION('',(2.40673449511804E-17,0.,-1.));
#2123=DIRECTION('',(2.40673449511804E-17,0.,-1.));
#2124=DIRECTION('',(2.40673449511804E-17,0.,-1.));
#2125=DIRECTION('',(-0.463268492634338,-0.886217977549716,-1.1149642617244E-17));
#2126=DIRECTION('',(-1.60448966341169E-18,1.48216406253263E-17,-1.));
#2127=DIRECTION('',(-0.5,-0.866025403784439,-1.20336724755902E-17));
#2128=DIRECTION('',(-1.60448966341169E-18,1.48216406253263E-17,-1.));
#2129=DIRECTION('',(-1.60448966341169E-18,1.48216406253263E-17,-1.));
#2130=DIRECTION('',(-0.5,-0.866025403784439,-1.20336724755902E-17));
#2131=DIRECTION('',(-1.60448966341169E-18,1.48216406253263E-17,-1.));
#2132=DIRECTION('',(0.5,0.866025403784439,1.20336724755902E-17));
#2133=DIRECTION('',(-1.60448966341169E-18,1.48216406253263E-17,-1.));
#2134=DIRECTION('',(-1.60448966341169E-18,1.48216406253263E-17,-1.));
#2135=DIRECTION('',(0.5,0.866025403784439,1.20336724755902E-17));
#2136=DIRECTION('',(-1.60448966341169E-18,1.48216406253263E-17,-1.));
#2137=DIRECTION('',(-1.60448966341169E-18,1.48216406253263E-17,-1.));
#2138=DIRECTION('',(-1.60448966341169E-18,1.48216406253263E-17,-1.));
#2139=DIRECTION('',(-0.5,-0.866025403784439,-1.20336724755902E-17));
#2140=DIRECTION('',(-1.60448966341169E-18,1.48216406253263E-17,-1.));
#2141=DIRECTION('',(-0.5,-0.866025403784439,-1.20336724755902E-17));
#2142=DIRECTION('',(-1.60448966341169E-18,1.48216406253263E-17,-1.));
#2143=DIRECTION('',(0.5,0.866025403784439,1.20336724755902E-17));
#2144=DIRECTION('',(-1.60448966341169E-18,1.48216406253263E-17,-1.));
#2145=DIRECTION('',(-1.60448966341169E-18,1.48216406253263E-17,-1.));
#2146=DIRECTION('',(-1.60448966341169E-18,1.48216406253263E-17,-1.));
#2147=DIRECTION('',(-1.60448966341169E-18,1.48216406253263E-17,-1.));
#2148=DIRECTION('',(-0.5,-0.866025403784439,-1.20336724755902E-17));
#2149=DIRECTION('',(0.5,0.866025403784439,1.20336724755902E-17));
#2150=DIRECTION('',(-1.60448966341169E-18,1.48216406253263E-17,-1.));
#2151=DIRECTION('',(-1.60448966341169E-18,1.48216406253263E-17,-1.));
#2152=DIRECTION('',(-1.60448966341169E-18,1.48216406253263E-17,-1.));
#2153=DIRECTION('',(-0.5,-0.866025403784439,-1.20336724755902E-17));
#2154=CARTESIAN_POINT('',(0.,0.,0.));
#2155=CARTESIAN_POINT('',(0.004,0.,0.));
#2156=CARTESIAN_POINT('',(0.,0.,0.));
#2157=CARTESIAN_POINT('',(0.008,0.,1.92538759609444E-19));
#2158=CARTESIAN_POINT('',(-1.6439514117764E-19,-0.000803847577293368,-9.62693798047217E-20));
#2159=CARTESIAN_POINT('',(0.00058955655064394,-0.00117405193873868,-8.05839470773487E-20));
#2160=CARTESIAN_POINT('',(4.9967748387153E-5,-0.00149820441621802,9.54283724502092E-22));
#2161=CARTESIAN_POINT('',(0.000639092137088112,-0.00116725299208262,-8.05626548698025E-20));
#2162=CARTESIAN_POINT('',(0.000614092137088112,-0.00121055426227184,-8.1164338493582E-20));
#2163=CARTESIAN_POINT('',(0.00126361118992644,-0.00158555426227184,-8.77646003345474E-20));
#2164=CARTESIAN_POINT('',(0.00191313024276477,-0.00196055426227184,-9.43648621755129E-20));
#2165=CARTESIAN_POINT('',(0.00193813024276477,-0.00191725299208262,-9.37631785517333E-20));
#2166=CARTESIAN_POINT('',(0.00196313024276477,-0.00187395172189339,6.01683623779507E-22));
#2167=CARTESIAN_POINT('',(0.00131361118992644,-0.0014989517218934,-8.65612330869884E-20));
#2168=CARTESIAN_POINT('',(0.000664092137088112,-0.0011239517218934,-7.9960971246023E-20));
#2169=CARTESIAN_POINT('',(0.000639092137088112,-0.00116725299208262,-8.05626548698025E-20));
#2170=CARTESIAN_POINT('',(0.000620931377995245,-0.00112066772800511,-7.98430460769656E-20));
#2171=CARTESIAN_POINT('',(0.000950961894323342,-0.000549038105676658,-7.33822518586138E-20));
#2172=CARTESIAN_POINT('',(0.00094383250993776,-0.000561386561659174,-7.20716731493785E-20));
#2173=CARTESIAN_POINT('',(0.000993256911617319,-0.000553821608346854,-7.20388490716511E-20));
#2174=CARTESIAN_POINT('',(0.00096825691161732,-0.000597122878536076,-7.26405326954306E-20));
#2175=CARTESIAN_POINT('',(0.00161777596445565,-0.000972122878536076,-7.9240794536396E-20));
#2176=CARTESIAN_POINT('',(0.00226729501729398,-0.00134712287853608,-8.58410563773614E-20));
#2177=CARTESIAN_POINT('',(0.00229229501729398,-0.00130382160834685,-8.52393727535819E-20));
#2178=CARTESIAN_POINT('',(0.00231729501729398,-0.00126052033815763,-8.46376891298024E-20));
#2179=CARTESIAN_POINT('',(0.00166777596445565,-0.000885520338157632,-7.8037427288837E-20));
#2180=CARTESIAN_POINT('',(0.00101825691161732,-0.000510520338157632,-7.14371654478715E-20));
#2181=CARTESIAN_POINT('',(0.000993256911617319,-0.000553821608346854,-7.20388490716511E-20));
#2182=CARTESIAN_POINT('',(0.000975096152524452,-0.00050723634426935,-4.37081253663331E-22));
#2183=CARTESIAN_POINT('',(0.000950961894323342,-0.000549038105676658,-7.33822518586138E-20));
#2184=CARTESIAN_POINT('',(0.00129841590567279,5.27698952742013E-5,-1.18555284048468E-21));
#2185=CARTESIAN_POINT('',(0.00134767571571372,6.13414245853289E-5,-6.38344034723105E-20));
#2186=CARTESIAN_POINT('',(0.001324512291082,1.70305257078432E-5,-6.43918856031727E-20));
#2187=CARTESIAN_POINT('',(0.00198917577424429,-0.00033042084376791,-4.83952002774529E-20));
#2188=CARTESIAN_POINT('',(0.00265383925740658,-0.000677872213243664,-3.2398514951733E-20));
#2189=CARTESIAN_POINT('',(0.00267700268203829,-0.000633561314366178,-3.18410328208708E-20));
#2190=CARTESIAN_POINT('',(0.00270016610667001,-0.000589250415488692,-3.12835506900086E-20));
#2191=CARTESIAN_POINT('',(0.00203550262350772,-0.000241799046012939,-4.72802360157285E-20));
#2192=CARTESIAN_POINT('',(0.00137083914034544,0.000105652323462815,-6.32769213414483E-20));
#2193=CARTESIAN_POINT('',(0.00134767571571372,6.13414245853289E-5,-6.38344034723105E-20));
#2194=CARTESIAN_POINT('',(0.00132659659008324,0.000106680926817425,-3.95313778681387E-21));
#2195=CARTESIAN_POINT('',(0.000696152422706632,0.000401923788646683,-7.95148393088412E-20));
#2196=CARTESIAN_POINT('',(0.00130969869787413,0.000730845000897274,-6.4748409460873E-20));
#2197=CARTESIAN_POINT('',(0.00132829380682774,0.000777258597213477,-6.43008745592818E-20));
#2198=CARTESIAN_POINT('',(0.00135382078786758,0.000734265885749883,-6.36865079010338E-20));
#2199=CARTESIAN_POINT('',(0.00199871145982148,0.00111717060134743,-4.81657016433205E-20));
#2200=CARTESIAN_POINT('',(0.00264360213177539,0.00150007531694497,-3.26448953856073E-20));
#2201=CARTESIAN_POINT('',(0.00261807515073556,0.00154306802840856,-3.32592620438553E-20));
#2202=CARTESIAN_POINT('',(0.00259254816969572,0.00158606073987216,-3.38736287021032E-20));
#2203=CARTESIAN_POINT('',(0.00194765749774181,0.00120315602427462,-4.93944349598165E-20));
#2204=CARTESIAN_POINT('',(0.0013027668257879,0.000820251308677071,-6.49152412175297E-20));
#2205=CARTESIAN_POINT('',(0.00132829380682774,0.000777258597213477,-6.43008745592818E-20));
#2206=CARTESIAN_POINT('',(0.00127864217736453,0.000783150599559686,-4.66598248036309E-21));
#2207=CARTESIAN_POINT('',(0.000696152422706632,0.000401923788646683,-7.95148393088412E-20));
#2208=CARTESIAN_POINT('',(0.000738728035025836,0.00109677306214127,-7.84901573606471E-20));
#2209=CARTESIAN_POINT('',(0.000709011438141429,0.00113698405404162,-7.92053569486394E-20));
#2210=CARTESIAN_POINT('',(0.000759003789049469,0.00113610949661794,-7.80021737944151E-20));
#2211=CARTESIAN_POINT('',(0.000772122150404565,0.00188599476023856,-7.76864496664878E-20));
#2212=CARTESIAN_POINT('',(0.000785240511759661,0.00263588002385917,-7.73707255385604E-20));
#2213=CARTESIAN_POINT('',(0.00073524816085162,0.00263675458128285,-7.85739086927847E-20));
#2214=CARTESIAN_POINT('',(0.000685255809943579,0.00263762913870652,-7.9777091847009E-20));
#2215=CARTESIAN_POINT('',(0.000672137448588483,0.00188774387508591,-8.00928159749363E-20));
#2216=CARTESIAN_POINT('',(0.000659019087233387,0.00113785861146529,-8.04085401028636E-20));
#2217=CARTESIAN_POINT('',(0.000709011438141429,0.00113698405404162,-7.92053569486394E-20));
#2218=CARTESIAN_POINT('',(0.000677607938697221,0.00109807621135332,-7.99611558024373E-20));
#2219=CARTESIAN_POINT('',(1.0842021724855E-19,0.00109807621135332,-9.62693798047217E-20));
#2220=CARTESIAN_POINT('',(3.12636425866916E-5,0.00109807621135332,-9.40347828716247E-20));
#2221=CARTESIAN_POINT('',(-1.66858714345519E-19,0.0011370965221185,-9.59439057886892E-20));
#2222=CARTESIAN_POINT('',(5.E-5,0.0011370965221185,-9.47405385411302E-20));
#2223=CARTESIAN_POINT('',(5.E-5,0.0018870965221185,-1.1697299947912E-19));
#2224=CARTESIAN_POINT('',(5.E-5,0.0026370965221185,-1.39205460417109E-19));
#2225=CARTESIAN_POINT('',(4.38776619204884E-19,0.0026370965221185,-1.40408827664668E-19));
#2226=CARTESIAN_POINT('',(-5.E-5,0.0026370965221185,-1.41612194912227E-19));
#2227=CARTESIAN_POINT('',(-5.E-5,0.0018870965221185,-1.19379733974238E-19));
#2228=CARTESIAN_POINT('',(-5.E-5,0.0011370965221185,-9.71472730362483E-20));
#2229=CARTESIAN_POINT('',(-1.66858714345519E-19,0.0011370965221185,-9.59439057886892E-20));
#2230=CARTESIAN_POINT('',(-3.1263642586692E-5,0.00109807621135332,-7.52432870564326E-22));
#2231=CARTESIAN_POINT('',(1.0842021724855E-19,0.00109807621135332,-9.62693798047217E-20));
#2232=CARTESIAN_POINT('',(-0.000677607938697219,0.00109807621135332,7.55798853797962E-22));
#2233=CARTESIAN_POINT('',(-0.000709011438141428,0.00113698405404162,-1.13333402660804E-19));
#2234=CARTESIAN_POINT('',(-0.000659019087233387,0.00113785861146529,-1.1213021950658E-19));
#2235=CARTESIAN_POINT('',(-0.000672137448588484,0.00188774387508591,-1.12445943634507E-19));
#2236=CARTESIAN_POINT('',(-0.00068525580994358,0.00263762913870652,-1.12761667762434E-19));
#2237=CARTESIAN_POINT('',(-0.000735248160851621,0.00263675458128285,-1.13964850916659E-19));
#2238=CARTESIAN_POINT('',(-0.000785240511759662,0.00263588002385917,-1.15168034070883E-19));
#2239=CARTESIAN_POINT('',(-0.000772122150404566,0.00188599476023856,-1.14852309942956E-19));
#2240=CARTESIAN_POINT('',(-0.000759003789049469,0.00113610949661794,-1.14536585815028E-19));
#2241=CARTESIAN_POINT('',(-0.000709011438141428,0.00113698405404162,-1.13333402660804E-19));
#2242=CARTESIAN_POINT('',(-0.000738728035025837,0.00109677306214127,-6.83300430665791E-21));
#2243=CARTESIAN_POINT('',(-0.000696152422706631,0.000401923788646684,-1.13023920300602E-19));
#2244=CARTESIAN_POINT('',(-0.00127864217736453,0.000783150599559684,-1.27042902156482E-19));
#2245=CARTESIAN_POINT('',(-0.00132829380682774,0.000777258597213476,-1.28237885050161E-19));
#2246=CARTESIAN_POINT('',(-0.0013027668257879,0.00082025130867707,-1.27623518391914E-19));
#2247=CARTESIAN_POINT('',(-0.00194765749774181,0.00120315602427461,-1.43144324649627E-19));
#2248=CARTESIAN_POINT('',(-0.00259254816969572,0.00158606073987215,-1.5866513090734E-19));
#2249=CARTESIAN_POINT('',(-0.00261807515073556,0.00154306802840856,-1.59279497565588E-19));
#2250=CARTESIAN_POINT('',(-0.00264360213177539,0.00150007531694497,-1.59893864223836E-19));
#2251=CARTESIAN_POINT('',(-0.00199871145982148,0.00111717060134742,-1.44373057966123E-19));
#2252=CARTESIAN_POINT('',(-0.00135382078786758,0.000734265885749882,-1.28852251708409E-19));
#2253=CARTESIAN_POINT('',(-0.00132829380682774,0.000777258597213476,-1.28237885050161E-19));
#2254=CARTESIAN_POINT('',(-0.00130969869787413,0.000730845000897275,-6.47482267219157E-21));
#2255=CARTESIAN_POINT('',(-0.000696152422706631,0.000401923788646684,-1.13023920300602E-19));
#2256=CARTESIAN_POINT('',(-0.00132659659008324,0.000106680926817426,-1.28197037549315E-19));
#2257=CARTESIAN_POINT('',(-0.00134767571571372,6.13414245853293E-5,-1.28704356137133E-19));
#2258=CARTESIAN_POINT('',(-0.00137083914034544,0.000105652323462815,-1.29261838267995E-19));
#2259=CARTESIAN_POINT('',(-0.00203550262350772,-0.000241799046012939,-1.45258523593715E-19));
#2260=CARTESIAN_POINT('',(-0.00270016610667001,-0.000589250415488692,-1.61255208919435E-19));
#2261=CARTESIAN_POINT('',(-0.00267700268203829,-0.000633561314366178,-1.60697726788573E-19));
#2262=CARTESIAN_POINT('',(-0.00265383925740658,-0.000677872213243664,-1.6014024465771E-19));
#2263=CARTESIAN_POINT('',(-0.00198917577424429,-0.00033042084376791,-1.4414355933199E-19));
#2264=CARTESIAN_POINT('',(-0.001324512291082,1.70305257078432E-5,-1.2814687400627E-19));
#2265=CARTESIAN_POINT('',(-0.00134767571571372,6.13414245853293E-5,-1.28704356137133E-19));
#2266=CARTESIAN_POINT('',(-0.00129841590567279,5.27698952742013E-5,-1.27518803296648E-19));
#2267=CARTESIAN_POINT('',(-0.000950961894323342,-0.000549038105676658,-1.1915650775083E-19));
#2268=CARTESIAN_POINT('',(-0.000975096152524452,-0.00050723634426935,-1.18255191205564E-19));
#2269=CARTESIAN_POINT('',(-0.00099325691161732,-0.000553821608346854,-1.19848962505727E-19));
#2270=CARTESIAN_POINT('',(-0.00101825691161732,-0.000510520338157632,-1.20450646129507E-19));
#2271=CARTESIAN_POINT('',(-0.00166777596445565,-0.000885520338157632,-1.58315306164521E-19));
#2272=CARTESIAN_POINT('',(-0.00231729501729398,-0.00126052033815763,-1.96179966199534E-19));
#2273=CARTESIAN_POINT('',(-0.00229229501729398,-0.00130382160834685,-1.95578282575755E-19));
#2274=CARTESIAN_POINT('',(-0.00226729501729398,-0.00134712287853608,-1.94976598951976E-19));
#2275=CARTESIAN_POINT('',(-0.00161777596445565,-0.000972122878536076,-1.57111938916962E-19));
#2276=CARTESIAN_POINT('',(-0.00096825691161732,-0.000597122878536076,-1.19247278881948E-19));
#2277=CARTESIAN_POINT('',(-0.00099325691161732,-0.000553821608346854,-1.19848962505727E-19));
#2278=CARTESIAN_POINT('',(-0.00094383250993776,-0.000561386561659174,1.18951412422765E-21));
#2279=CARTESIAN_POINT('',(-0.000950961894323342,-0.000549038105676658,-1.1915650775083E-19));
#2280=CARTESIAN_POINT('',(-0.000620931377995244,-0.00112066772800511,4.37081253663337E-22));
#2281=CARTESIAN_POINT('',(-0.000639092137088112,-0.00116725299208262,-1.11325156707576E-19));
#2282=CARTESIAN_POINT('',(-0.000664092137088112,-0.0011239517218934,-1.11926840331355E-19));
#2283=CARTESIAN_POINT('',(-0.00131361118992644,-0.0014989517218934,-1.49791500366369E-19));
#2284=CARTESIAN_POINT('',(-0.00196313024276477,-0.00187395172189339,-1.87656160401383E-19));
#2285=CARTESIAN_POINT('',(-0.00193813024276477,-0.00191725299208262,-1.87054476777603E-19));
#2286=CARTESIAN_POINT('',(-0.00191313024276477,-0.00196055426227184,-1.86452793153824E-19));
#2287=CARTESIAN_POINT('',(-0.00126361118992644,-0.00158555426227184,-1.4858813311881E-19));
#2288=CARTESIAN_POINT('',(-0.000614092137088112,-0.00121055426227184,-1.10723473083796E-19));
#2289=CARTESIAN_POINT('',(-0.000639092137088112,-0.00116725299208262,-1.11325156707576E-19));
#2290=CARTESIAN_POINT('',(-0.00058955655064394,-0.00117405193873868,-4.83692500699282E-21));
#2291=CARTESIAN_POINT('',(-1.6439514117764E-19,-0.000803847577293368,-9.62693798047217E-20));
#2292=CARTESIAN_POINT('',(-4.99677483871536E-5,-0.00149820441621802,-9.74719708415891E-20));
#2293=CARTESIAN_POINT('',(-1.21972744404619E-19,-0.0015,-9.62693798047217E-20));
#2294=CARTESIAN_POINT('',(-5.E-5,-0.0015,-9.74727470522807E-20));
#2295=CARTESIAN_POINT('',(-5.E-5,-0.00225,-9.74727470522807E-20));
#2296=CARTESIAN_POINT('',(-5.E-5,-0.003,-9.74727470522807E-20));
#2297=CARTESIAN_POINT('',(-4.06575814682064E-20,-0.003,-9.62693798047217E-20));
#2298=CARTESIAN_POINT('',(5.E-5,-0.003,-9.50660125571627E-20));
#2299=CARTESIAN_POINT('',(5.E-5,-0.00225,-9.50660125571627E-20));
#2300=CARTESIAN_POINT('',(5.E-5,-0.0015,-9.50660125571627E-20));
#2301=CARTESIAN_POINT('',(-1.21972744404619E-19,-0.0015,-9.62693798047217E-20));
#2302=CARTESIAN_POINT('',(-3.85077519218887E-19,0.,0.016));
#2303=CARTESIAN_POINT('',(-2.16606104560624E-19,0.,0.009));
#2304=CARTESIAN_POINT('',(0.008,0.,0.009));
#2305=CARTESIAN_POINT('',(0.,0.,0.009));
#2306=CARTESIAN_POINT('',(-3.75350449639806E-19,0.,0.0155958395245171));
#2307=CARTESIAN_POINT('',(0.0114413075780089,0.,0.0155958395245171));
#2308=CARTESIAN_POINT('',(-2.25514051876985E-17,0.,0.032));
#2309=CARTESIAN_POINT('',(-4.87009803718004E-19,0.,0.020235294117647));
#2310=CARTESIAN_POINT('',(0.0161737965704324,0.,0.020235294117647));
#2311=CARTESIAN_POINT('',(0.,0.,0.022));
#2312=CARTESIAN_POINT('',(-5.71953374133935E-19,0.,0.023764705882353));
#2313=CARTESIAN_POINT('',(0.0161737965704324,0.,0.023764705882353));
#2314=CARTESIAN_POINT('',(1.74060753446611E-18,0.,0.012));
#2315=CARTESIAN_POINT('',(0.000950961894323341,-0.000549038105676658,0.025));
#2316=CARTESIAN_POINT('',(0.000620931377995243,-0.00112066772800511,0.025));
#2317=CARTESIAN_POINT('',(0.000620931377995243,-0.00112066772800511,0.025));
#2318=CARTESIAN_POINT('',(0.000950961894323341,-0.000549038105676658,0.025));
#2319=CARTESIAN_POINT('',(0.00094383250993776,-0.000561386561659173,0.025));
#2320=CARTESIAN_POINT('',(0.00094383250993776,-0.000561386561659173,0.025));
#2321=CARTESIAN_POINT('',(-7.66078764957151E-19,-0.000803847577293368,0.025));
#2322=CARTESIAN_POINT('',(4.99677483871531E-5,-0.00149820441621802,0.0125));
#2323=CARTESIAN_POINT('',(4.99677483871527E-5,-0.00149820441621802,0.025));
#2324=CARTESIAN_POINT('',(-7.66078764957151E-19,-0.000803847577293368,0.025));
#2325=CARTESIAN_POINT('',(0.00058955655064394,-0.00117405193873868,0.025));
#2326=CARTESIAN_POINT('',(0.00058955655064394,-0.00117405193873868,0.0125));
#2327=CARTESIAN_POINT('',(0.000950961894323341,-0.000549038105676658,0.025));
#2328=CARTESIAN_POINT('',(0.000975096152524451,-0.000507236344269351,0.025));
#2329=CARTESIAN_POINT('',(0.000975096152524451,-0.000507236344269351,0.025));
#2330=CARTESIAN_POINT('',(0.000950961894323341,-0.000549038105676658,0.025));
#2331=CARTESIAN_POINT('',(0.00129841590567279,5.27698952742013E-5,0.025));
#2332=CARTESIAN_POINT('',(0.00129841590567279,5.27698952742012E-5,0.025));
#2333=CARTESIAN_POINT('',(0.000696152422706631,0.000401923788646683,0.025));
#2334=CARTESIAN_POINT('',(0.000696152422706631,0.000401923788646683,0.025));
#2335=CARTESIAN_POINT('',(0.00130969869787413,0.000730845000897274,0.025));
#2336=CARTESIAN_POINT('',(0.00132659659008324,0.000106680926817425,0.025));
#2337=CARTESIAN_POINT('',(0.00130969869787413,0.000730845000897274,0.0125));
#2338=CARTESIAN_POINT('',(0.00132659659008324,0.000106680926817426,0.0125));
#2339=CARTESIAN_POINT('',(0.000696152422706631,0.000401923788646683,0.025));
#2340=CARTESIAN_POINT('',(0.000696152422706631,0.000401923788646683,0.025));
#2341=CARTESIAN_POINT('',(0.000738728035025835,0.00109677306214127,0.025));
#2342=CARTESIAN_POINT('',(0.00127864217736453,0.000783150599559686,0.025));
#2343=CARTESIAN_POINT('',(0.000738728035025836,0.00109677306214127,0.0125));
#2344=CARTESIAN_POINT('',(0.00127864217736453,0.000783150599559686,0.0125));
#2345=CARTESIAN_POINT('',(-4.9326340653096E-19,0.00109807621135332,0.025));
#2346=CARTESIAN_POINT('',(0.00067760793869722,0.00109807621135332,0.025));
#2347=CARTESIAN_POINT('',(0.00067760793869722,0.00109807621135332,0.025));
#2348=CARTESIAN_POINT('',(-4.9326340653096E-19,0.00109807621135332,0.025));
#2349=CARTESIAN_POINT('',(3.12636425866902E-5,0.00109807621135332,0.025));
#2350=CARTESIAN_POINT('',(3.12636425866902E-5,0.00109807621135332,0.025));
#2351=CARTESIAN_POINT('',(-4.9326340653096E-19,0.00109807621135332,0.025));
#2352=CARTESIAN_POINT('',(-3.12636425866918E-5,0.00109807621135332,0.025));
#2353=CARTESIAN_POINT('',(-3.12636425866918E-5,0.00109807621135332,0.025));
#2354=CARTESIAN_POINT('',(-4.9326340653096E-19,0.00109807621135332,0.025));
#2355=CARTESIAN_POINT('',(-0.00067760793869722,0.00109807621135332,0.025));
#2356=CARTESIAN_POINT('',(-0.00067760793869722,0.00109807621135332,0.025));
#2357=CARTESIAN_POINT('',(-0.000696152422706631,0.000401923788646684,0.025));
#2358=CARTESIAN_POINT('',(-0.000696152422706631,0.000401923788646684,0.025));
#2359=CARTESIAN_POINT('',(-0.00127864217736453,0.000783150599559684,0.025));
#2360=CARTESIAN_POINT('',(-0.000738728035025838,0.00109677306214127,0.025));
#2361=CARTESIAN_POINT('',(-0.00127864217736453,0.000783150599559684,0.0125));
#2362=CARTESIAN_POINT('',(-0.000738728035025837,0.00109677306214127,0.0125));
#2363=CARTESIAN_POINT('',(-0.000696152422706631,0.000401923788646684,0.025));
#2364=CARTESIAN_POINT('',(-0.000696152422706631,0.000401923788646684,0.025));
#2365=CARTESIAN_POINT('',(-0.00132659659008324,0.000106680926817424,0.025));
#2366=CARTESIAN_POINT('',(-0.00130969869787413,0.000730845000897274,0.025));
#2367=CARTESIAN_POINT('',(-0.00132659659008324,0.000106680926817426,0.0125));
#2368=CARTESIAN_POINT('',(-0.00130969869787413,0.000730845000897274,0.0125));
#2369=CARTESIAN_POINT('',(-0.000950961894323343,-0.000549038105676658,0.025));
#2370=CARTESIAN_POINT('',(-0.00129841590567279,5.27698952742012E-5,0.025));
#2371=CARTESIAN_POINT('',(-0.00129841590567279,5.27698952742013E-5,0.025));
#2372=CARTESIAN_POINT('',(-0.000950961894323343,-0.000549038105676658,0.025));
#2373=CARTESIAN_POINT('',(-0.000975096152524452,-0.00050723634426935,0.025));
#2374=CARTESIAN_POINT('',(-0.000975096152524453,-0.00050723634426935,0.025));
#2375=CARTESIAN_POINT('',(-0.000950961894323343,-0.000549038105676658,0.025));
#2376=CARTESIAN_POINT('',(-0.000943832509937762,-0.000561386561659173,0.025));
#2377=CARTESIAN_POINT('',(-0.000943832509937762,-0.000561386561659173,0.025));
#2378=CARTESIAN_POINT('',(-0.000950961894323343,-0.000549038105676658,0.025));
#2379=CARTESIAN_POINT('',(-0.000620931377995244,-0.00112066772800511,0.025));
#2380=CARTESIAN_POINT('',(-0.000620931377995244,-0.00112066772800511,0.025));
#2381=CARTESIAN_POINT('',(-7.66078764957151E-19,-0.000803847577293368,0.025));
#2382=CARTESIAN_POINT('',(-7.66078764957151E-19,-0.000803847577293368,0.025));
#2383=CARTESIAN_POINT('',(-4.99677483871542E-5,-0.00149820441621802,0.025));
#2384=CARTESIAN_POINT('',(-0.000589556550643941,-0.00117405193873868,0.025));
#2385=CARTESIAN_POINT('',(-4.99677483871539E-5,-0.00149820441621802,0.0125));
#2386=CARTESIAN_POINT('',(-0.000589556550643941,-0.00117405193873868,0.0125));
#2387=CARTESIAN_POINT('',(-6.01683623779511E-19,0.,0.025));
#2388=CARTESIAN_POINT('',(0.000639092137088112,-0.00116725299208262,0.025));
#2389=CARTESIAN_POINT('',(0.000664092137088112,-0.0011239517218934,0.025));
#2390=CARTESIAN_POINT('',(0.00131361118992644,-0.0014989517218934,0.025));
#2391=CARTESIAN_POINT('',(0.00196313024276477,-0.00187395172189339,0.025));
#2392=CARTESIAN_POINT('',(0.00193813024276477,-0.00191725299208262,0.025));
#2393=CARTESIAN_POINT('',(0.00191313024276477,-0.00196055426227184,0.025));
#2394=CARTESIAN_POINT('',(0.00126361118992644,-0.00158555426227184,0.025));
#2395=CARTESIAN_POINT('',(0.000614092137088112,-0.00121055426227184,0.025));
#2396=CARTESIAN_POINT('',(0.000639092137088112,-0.00116725299208262,0.025));
#2397=CARTESIAN_POINT('',(-7.2365636818413E-19,-0.0015,0.025));
#2398=CARTESIAN_POINT('',(5.E-5,-0.0015,0.025));
#2399=CARTESIAN_POINT('',(5.E-5,-0.00225,0.025));
#2400=CARTESIAN_POINT('',(5.E-5,-0.003,0.025));
#2401=CARTESIAN_POINT('',(-6.42341205247717E-19,-0.003,0.025));
#2402=CARTESIAN_POINT('',(-5.00000000000007E-5,-0.003,0.025));
#2403=CARTESIAN_POINT('',(-5.00000000000007E-5,-0.00225,0.025));
#2404=CARTESIAN_POINT('',(-5.00000000000006E-5,-0.0015,0.025));
#2405=CARTESIAN_POINT('',(-7.2365636818413E-19,-0.0015,0.025));
#2406=CARTESIAN_POINT('',(-0.000639092137088113,-0.00116725299208262,0.025));
#2407=CARTESIAN_POINT('',(-0.000614092137088113,-0.00121055426227184,0.025));
#2408=CARTESIAN_POINT('',(-0.00126361118992644,-0.00158555426227184,0.025));
#2409=CARTESIAN_POINT('',(-0.00191313024276477,-0.00196055426227184,0.025));
#2410=CARTESIAN_POINT('',(-0.00193813024276477,-0.00191725299208262,0.025));
#2411=CARTESIAN_POINT('',(-0.00196313024276477,-0.00187395172189339,0.025));
#2412=CARTESIAN_POINT('',(-0.00131361118992644,-0.0014989517218934,0.025));
#2413=CARTESIAN_POINT('',(-0.000664092137088113,-0.0011239517218934,0.025));
#2414=CARTESIAN_POINT('',(-0.000639092137088113,-0.00116725299208262,0.025));
#2415=CARTESIAN_POINT('',(-0.000993256911617321,-0.000553821608346854,0.025));
#2416=CARTESIAN_POINT('',(-0.000968256911617321,-0.000597122878536077,0.025));
#2417=CARTESIAN_POINT('',(-0.00161777596445565,-0.000972122878536077,0.025));
#2418=CARTESIAN_POINT('',(-0.00226729501729398,-0.00134712287853608,0.025));
#2419=CARTESIAN_POINT('',(-0.00229229501729398,-0.00130382160834685,0.025));
#2420=CARTESIAN_POINT('',(-0.00231729501729398,-0.00126052033815763,0.025));
#2421=CARTESIAN_POINT('',(-0.00166777596445565,-0.000885520338157633,0.025));
#2422=CARTESIAN_POINT('',(-0.00101825691161732,-0.000510520338157633,0.025));
#2423=CARTESIAN_POINT('',(-0.000993256911617321,-0.000553821608346854,0.025));
#2424=CARTESIAN_POINT('',(-0.00134767571571372,6.13414245853293E-5,0.025));
#2425=CARTESIAN_POINT('',(-0.001324512291082,1.70305257078432E-5,0.025));
#2426=CARTESIAN_POINT('',(-0.00198917577424429,-0.00033042084376791,0.025));
#2427=CARTESIAN_POINT('',(-0.00265383925740658,-0.000677872213243664,0.025));
#2428=CARTESIAN_POINT('',(-0.00267700268203829,-0.000633561314366178,0.025));
#2429=CARTESIAN_POINT('',(-0.00270016610667001,-0.000589250415488692,0.025));
#2430=CARTESIAN_POINT('',(-0.00203550262350772,-0.000241799046012939,0.025));
#2431=CARTESIAN_POINT('',(-0.00137083914034544,0.000105652323462815,0.025));
#2432=CARTESIAN_POINT('',(-0.00134767571571372,6.13414245853293E-5,0.025));
#2433=CARTESIAN_POINT('',(-0.00132829380682774,0.000777258597213476,0.025));
#2434=CARTESIAN_POINT('',(-0.00135382078786758,0.000734265885749882,0.025));
#2435=CARTESIAN_POINT('',(-0.00199871145982148,0.00111717060134742,0.025));
#2436=CARTESIAN_POINT('',(-0.00264360213177539,0.00150007531694497,0.025));
#2437=CARTESIAN_POINT('',(-0.00261807515073556,0.00154306802840856,0.025));
#2438=CARTESIAN_POINT('',(-0.00259254816969572,0.00158606073987215,0.025));
#2439=CARTESIAN_POINT('',(-0.00194765749774181,0.00120315602427461,0.025));
#2440=CARTESIAN_POINT('',(-0.00130276682578791,0.00082025130867707,0.025));
#2441=CARTESIAN_POINT('',(-0.00132829380682774,0.000777258597213476,0.025));
#2442=CARTESIAN_POINT('',(-0.000709011438141428,0.00113698405404162,0.025));
#2443=CARTESIAN_POINT('',(-0.00075900378904947,0.00113610949661794,0.025));
#2444=CARTESIAN_POINT('',(-0.000772122150404566,0.00188599476023856,0.025));
#2445=CARTESIAN_POINT('',(-0.000785240511759663,0.00263588002385917,0.025));
#2446=CARTESIAN_POINT('',(-0.000735248160851622,0.00263675458128285,0.025));
#2447=CARTESIAN_POINT('',(-0.000685255809943581,0.00263762913870652,0.025));
#2448=CARTESIAN_POINT('',(-0.000672137448588484,0.00188774387508591,0.025));
#2449=CARTESIAN_POINT('',(-0.000659019087233388,0.00113785861146529,0.025));
#2450=CARTESIAN_POINT('',(-0.000709011438141428,0.00113698405404162,0.025));
#2451=CARTESIAN_POINT('',(-7.68542338125029E-19,0.0011370965221185,0.025));
#2452=CARTESIAN_POINT('',(-5.0000000000001E-5,0.0011370965221185,0.025));
#2453=CARTESIAN_POINT('',(-5.00000000000006E-5,0.0018870965221185,0.025));
#2454=CARTESIAN_POINT('',(-5.E-5,0.0026370965221185,0.025));
#2455=CARTESIAN_POINT('',(-1.62907004574627E-19,0.0026370965221185,0.025));
#2456=CARTESIAN_POINT('',(5.E-5,0.0026370965221185,0.025));
#2457=CARTESIAN_POINT('',(5.E-5,0.0018870965221185,0.025));
#2458=CARTESIAN_POINT('',(4.99999999999992E-5,0.0011370965221185,0.025));
#2459=CARTESIAN_POINT('',(-7.68542338125029E-19,0.0011370965221185,0.025));
#2460=CARTESIAN_POINT('',(0.000709011438141428,0.00113698405404162,0.025));
#2461=CARTESIAN_POINT('',(0.000659019087233387,0.00113785861146529,0.025));
#2462=CARTESIAN_POINT('',(0.000672137448588483,0.00188774387508591,0.025));
#2463=CARTESIAN_POINT('',(0.000685255809943579,0.00263762913870652,0.025));
#2464=CARTESIAN_POINT('',(0.00073524816085162,0.00263675458128285,0.025));
#2465=CARTESIAN_POINT('',(0.000785240511759661,0.00263588002385917,0.025));
#2466=CARTESIAN_POINT('',(0.000772122150404565,0.00188599476023856,0.025));
#2467=CARTESIAN_POINT('',(0.000759003789049469,0.00113610949661794,0.025));
#2468=CARTESIAN_POINT('',(0.000709011438141428,0.00113698405404162,0.025));
#2469=CARTESIAN_POINT('',(0.00132829380682774,0.000777258597213477,0.025));
#2470=CARTESIAN_POINT('',(0.0013027668257879,0.000820251308677071,0.025));
#2471=CARTESIAN_POINT('',(0.00194765749774181,0.00120315602427462,0.025));
#2472=CARTESIAN_POINT('',(0.00259254816969572,0.00158606073987216,0.025));
#2473=CARTESIAN_POINT('',(0.00261807515073556,0.00154306802840856,0.025));
#2474=CARTESIAN_POINT('',(0.00264360213177539,0.00150007531694497,0.025));
#2475=CARTESIAN_POINT('',(0.00199871145982148,0.00111717060134743,0.025));
#2476=CARTESIAN_POINT('',(0.00135382078786758,0.000734265885749883,0.025));
#2477=CARTESIAN_POINT('',(0.00132829380682774,0.000777258597213477,0.025));
#2478=CARTESIAN_POINT('',(0.00134767571571372,6.13414245853289E-5,0.025));
#2479=CARTESIAN_POINT('',(0.00137083914034544,0.000105652323462815,0.025));
#2480=CARTESIAN_POINT('',(0.00203550262350772,-0.000241799046012939,0.025));
#2481=CARTESIAN_POINT('',(0.00270016610667001,-0.000589250415488692,0.025));
#2482=CARTESIAN_POINT('',(0.00267700268203829,-0.000633561314366178,0.025));
#2483=CARTESIAN_POINT('',(0.00265383925740658,-0.000677872213243664,0.025));
#2484=CARTESIAN_POINT('',(0.00198917577424429,-0.00033042084376791,0.025));
#2485=CARTESIAN_POINT('',(0.001324512291082,1.70305257078432E-5,0.025));
#2486=CARTESIAN_POINT('',(0.00134767571571372,6.13414245853289E-5,0.025));
#2487=CARTESIAN_POINT('',(0.000993256911617319,-0.000553821608346855,0.025));
#2488=CARTESIAN_POINT('',(0.00101825691161732,-0.000510520338157633,0.025));
#2489=CARTESIAN_POINT('',(0.00166777596445565,-0.000885520338157633,0.025));
#2490=CARTESIAN_POINT('',(0.00231729501729398,-0.00126052033815763,0.025));
#2491=CARTESIAN_POINT('',(0.00229229501729398,-0.00130382160834685,0.025));
#2492=CARTESIAN_POINT('',(0.00226729501729398,-0.00134712287853608,0.025));
#2493=CARTESIAN_POINT('',(0.00161777596445565,-0.000972122878536077,0.025));
#2494=CARTESIAN_POINT('',(0.00096825691161732,-0.000597122878536077,0.025));
#2495=CARTESIAN_POINT('',(0.000993256911617319,-0.000553821608346855,0.025));
#2496=CARTESIAN_POINT('',(-7.2365636818413E-19,-0.0015,0.025));
#2497=CARTESIAN_POINT('',(-5.00000000000006E-5,-0.0015,0.025));
#2498=CARTESIAN_POINT('',(-5.00000000000007E-5,-0.00225,0.025));
#2499=CARTESIAN_POINT('',(-5.00000000000007E-5,-0.003,0.025));
#2500=CARTESIAN_POINT('',(-7.2365636818413E-19,-0.0015,0.025));
#2501=CARTESIAN_POINT('',(5.E-5,-0.0015,0.025));
#2502=CARTESIAN_POINT('',(5.E-5,-0.00225,0.025));
#2503=CARTESIAN_POINT('',(5.E-5,-0.003,0.025));
#2504=CARTESIAN_POINT('',(-6.42341205247717E-19,-0.003,0.025));
#2505=CARTESIAN_POINT('',(-0.000639092137088113,-0.00116725299208262,0.025));
#2506=CARTESIAN_POINT('',(-0.000664092137088113,-0.0011239517218934,0.025));
#2507=CARTESIAN_POINT('',(-0.00131361118992644,-0.0014989517218934,0.025));
#2508=CARTESIAN_POINT('',(-0.00196313024276477,-0.00187395172189339,0.025));
#2509=CARTESIAN_POINT('',(-0.000639092137088113,-0.00116725299208262,0.025));
#2510=CARTESIAN_POINT('',(-0.000614092137088113,-0.00121055426227184,0.025));
#2511=CARTESIAN_POINT('',(-0.00126361118992644,-0.00158555426227184,0.025));
#2512=CARTESIAN_POINT('',(-0.00191313024276477,-0.00196055426227184,0.025));
#2513=CARTESIAN_POINT('',(-0.00193813024276477,-0.00191725299208262,0.025));
#2514=CARTESIAN_POINT('',(-0.000993256911617321,-0.000553821608346854,0.025));
#2515=CARTESIAN_POINT('',(-0.000968256911617321,-0.000597122878536077,0.025));
#2516=CARTESIAN_POINT('',(-0.000993256911617321,-0.000553821608346854,0.025));
#2517=CARTESIAN_POINT('',(-0.00101825691161732,-0.000510520338157633,0.025));
#2518=CARTESIAN_POINT('',(-0.00166777596445565,-0.000885520338157633,0.025));
#2519=CARTESIAN_POINT('',(-0.00231729501729398,-0.00126052033815763,0.025));
#2520=CARTESIAN_POINT('',(-0.00161777596445565,-0.000972122878536077,0.025));
#2521=CARTESIAN_POINT('',(-0.00226729501729398,-0.00134712287853608,0.025));
#2522=CARTESIAN_POINT('',(-0.00229229501729398,-0.00130382160834685,0.025));
#2523=CARTESIAN_POINT('',(-0.00134767571571372,6.13414245853293E-5,0.025));
#2524=CARTESIAN_POINT('',(-0.001324512291082,1.70305257078432E-5,0.025));
#2525=CARTESIAN_POINT('',(-0.00203550262350772,-0.000241799046012939,0.025));
#2526=CARTESIAN_POINT('',(-0.00137083914034544,0.000105652323462815,0.025));
#2527=CARTESIAN_POINT('',(-0.00270016610667001,-0.000589250415488692,0.025));
#2528=CARTESIAN_POINT('',(-0.00134767571571372,6.13414245853293E-5,0.025));
#2529=CARTESIAN_POINT('',(-0.00198917577424429,-0.00033042084376791,0.025));
#2530=CARTESIAN_POINT('',(-0.00265383925740658,-0.000677872213243664,0.025));
#2531=CARTESIAN_POINT('',(-0.00267700268203829,-0.000633561314366178,0.025));
#2532=CARTESIAN_POINT('',(-0.00132829380682774,0.000777258597213476,0.025));
#2533=CARTESIAN_POINT('',(-0.00130276682578791,0.00082025130867707,0.025));
#2534=CARTESIAN_POINT('',(-0.00194765749774181,0.00120315602427461,0.025));
#2535=CARTESIAN_POINT('',(-0.00259254816969572,0.00158606073987215,0.025));
#2536=CARTESIAN_POINT('',(-0.00132829380682774,0.000777258597213476,0.025));
#2537=CARTESIAN_POINT('',(-0.00135382078786758,0.000734265885749882,0.025));
#2538=CARTESIAN_POINT('',(-0.00199871145982148,0.00111717060134742,0.025));
#2539=CARTESIAN_POINT('',(-0.00264360213177539,0.00150007531694497,0.025));
#2540=CARTESIAN_POINT('',(-0.00261807515073556,0.00154306802840856,0.025));
#2541=CARTESIAN_POINT('',(-0.000709011438141428,0.00113698405404162,0.025));
#2542=CARTESIAN_POINT('',(-0.000659019087233388,0.00113785861146529,0.025));
#2543=CARTESIAN_POINT('',(-0.000672137448588484,0.00188774387508591,0.025));
#2544=CARTESIAN_POINT('',(-0.000685255809943581,0.00263762913870652,0.025));
#2545=CARTESIAN_POINT('',(-0.000709011438141428,0.00113698405404162,0.025));
#2546=CARTESIAN_POINT('',(-0.00075900378904947,0.00113610949661794,0.025));
#2547=CARTESIAN_POINT('',(-0.000772122150404566,0.00188599476023856,0.025));
#2548=CARTESIAN_POINT('',(-0.000785240511759663,0.00263588002385917,0.025));
#2549=CARTESIAN_POINT('',(-0.000735248160851622,0.00263675458128285,0.025));
#2550=CARTESIAN_POINT('',(-7.68542338125029E-19,0.0011370965221185,0.025));
#2551=CARTESIAN_POINT('',(-5.0000000000001E-5,0.0011370965221185,0.025));
#2552=CARTESIAN_POINT('',(-7.68542338125029E-19,0.0011370965221185,0.025));
#2553=CARTESIAN_POINT('',(4.99999999999992E-5,0.0011370965221185,0.025));
#2554=CARTESIAN_POINT('',(5.E-5,0.0018870965221185,0.025));
#2555=CARTESIAN_POINT('',(5.E-5,0.0026370965221185,0.025));
#2556=CARTESIAN_POINT('',(-5.00000000000006E-5,0.0018870965221185,0.025));
#2557=CARTESIAN_POINT('',(-5.E-5,0.0026370965221185,0.025));
#2558=CARTESIAN_POINT('',(-1.62907004574627E-19,0.0026370965221185,0.025));
#2559=CARTESIAN_POINT('',(0.000709011438141428,0.00113698405404162,0.025));
#2560=CARTESIAN_POINT('',(0.000659019087233387,0.00113785861146529,0.025));
#2561=CARTESIAN_POINT('',(0.000772122150404565,0.00188599476023856,0.025));
#2562=CARTESIAN_POINT('',(0.000759003789049469,0.00113610949661794,0.025));
#2563=CARTESIAN_POINT('',(0.000785240511759661,0.00263588002385917,0.025));
#2564=CARTESIAN_POINT('',(0.000709011438141428,0.00113698405404162,0.025));
#2565=CARTESIAN_POINT('',(0.000672137448588483,0.00188774387508591,0.025));
#2566=CARTESIAN_POINT('',(0.000685255809943579,0.00263762913870652,0.025));
#2567=CARTESIAN_POINT('',(0.00073524816085162,0.00263675458128285,0.025));
#2568=CARTESIAN_POINT('',(0.00132829380682774,0.000777258597213477,0.025));
#2569=CARTESIAN_POINT('',(0.00135382078786758,0.000734265885749883,0.025));
#2570=CARTESIAN_POINT('',(0.00199871145982148,0.00111717060134743,0.025));
#2571=CARTESIAN_POINT('',(0.00264360213177539,0.00150007531694497,0.025));
#2572=CARTESIAN_POINT('',(0.00132829380682774,0.000777258597213477,0.025));
#2573=CARTESIAN_POINT('',(0.0013027668257879,0.000820251308677071,0.025));
#2574=CARTESIAN_POINT('',(0.00194765749774181,0.00120315602427462,0.025));
#2575=CARTESIAN_POINT('',(0.00259254816969572,0.00158606073987216,0.025));
#2576=CARTESIAN_POINT('',(0.00261807515073556,0.00154306802840856,0.025));
#2577=CARTESIAN_POINT('',(0.00134767571571372,6.13414245853289E-5,0.025));
#2578=CARTESIAN_POINT('',(0.001324512291082,1.70305257078432E-5,0.025));
#2579=CARTESIAN_POINT('',(0.00198917577424429,-0.00033042084376791,0.025));
#2580=CARTESIAN_POINT('',(0.00265383925740658,-0.000677872213243664,0.025));
#2581=CARTESIAN_POINT('',(0.00134767571571372,6.13414245853289E-5,0.025));
#2582=CARTESIAN_POINT('',(0.00137083914034544,0.000105652323462815,0.025));
#2583=CARTESIAN_POINT('',(0.00203550262350772,-0.000241799046012939,0.025));
#2584=CARTESIAN_POINT('',(0.00270016610667001,-0.000589250415488692,0.025));
#2585=CARTESIAN_POINT('',(0.00267700268203829,-0.000633561314366178,0.025));
#2586=CARTESIAN_POINT('',(0.000993256911617319,-0.000553821608346855,0.025));
#2587=CARTESIAN_POINT('',(0.00101825691161732,-0.000510520338157633,0.025));
#2588=CARTESIAN_POINT('',(0.000993256911617319,-0.000553821608346855,0.025));
#2589=CARTESIAN_POINT('',(0.00096825691161732,-0.000597122878536077,0.025));
#2590=CARTESIAN_POINT('',(0.00161777596445565,-0.000972122878536077,0.025));
#2591=CARTESIAN_POINT('',(0.00226729501729398,-0.00134712287853608,0.025));
#2592=CARTESIAN_POINT('',(0.00166777596445565,-0.000885520338157633,0.025));
#2593=CARTESIAN_POINT('',(0.00231729501729398,-0.00126052033815763,0.025));
#2594=CARTESIAN_POINT('',(0.00229229501729398,-0.00130382160834685,0.025));
#2595=CARTESIAN_POINT('',(0.000639092137088112,-0.00116725299208262,0.025));
#2596=CARTESIAN_POINT('',(0.000664092137088112,-0.0011239517218934,0.025));
#2597=CARTESIAN_POINT('',(0.00126361118992644,-0.00158555426227184,0.025));
#2598=CARTESIAN_POINT('',(0.000614092137088112,-0.00121055426227184,0.025));
#2599=CARTESIAN_POINT('',(0.00191313024276477,-0.00196055426227184,0.025));
#2600=CARTESIAN_POINT('',(0.000639092137088112,-0.00116725299208262,0.025));
#2601=CARTESIAN_POINT('',(0.00131361118992644,-0.0014989517218934,0.025));
#2602=CARTESIAN_POINT('',(0.00196313024276477,-0.00187395172189339,0.025));
#2603=CARTESIAN_POINT('',(0.00193813024276477,-0.00191725299208262,0.025));
#2604=MECHANICAL_DESIGN_GEOMETRIC_PRESENTATION_REPRESENTATION('',(#1504),
#2605);
#2605=(
GEOMETRIC_REPRESENTATION_CONTEXT(3)
GLOBAL_UNCERTAINTY_ASSIGNED_CONTEXT((#2606))
GLOBAL_UNIT_ASSIGNED_CONTEXT((#2609,#2608,#2607))
REPRESENTATION_CONTEXT('knob','TOP_LEVEL_ASSEMBLY_PART')
);
#2606=UNCERTAINTY_MEASURE_WITH_UNIT(LENGTH_MEASURE(1.E-8),#2609,
'DISTANCE_ACCURACY_VALUE','Maximum Tolerance applied to model');
#2607=(
NAMED_UNIT(*)
SI_UNIT($,.STERADIAN.)
SOLID_ANGLE_UNIT()
);
#2608=(
NAMED_UNIT(*)
PLANE_ANGLE_UNIT()
SI_UNIT($,.RADIAN.)
);
#2609=(
LENGTH_UNIT()
NAMED_UNIT(*)
SI_UNIT($,.METRE.)
);
#2610=PRODUCT_DEFINITION_SHAPE('','',#2611);
#2611=PRODUCT_DEFINITION('','',#2613,#2612);
#2612=PRODUCT_DEFINITION_CONTEXT('',#2619,'design');
#2613=PRODUCT_DEFINITION_FORMATION_WITH_SPECIFIED_SOURCE('','',#2615,
 .NOT_KNOWN.);
#2614=PRODUCT_RELATED_PRODUCT_CATEGORY('','',(#2615));
#2615=PRODUCT('knob','knob','knob',(#2617));
#2616=PRODUCT_CATEGORY('','');
#2617=PRODUCT_CONTEXT('',#2619,'mechanical');
#2618=APPLICATION_PROTOCOL_DEFINITION('international standard',
'ap242_managed_model_based_3d_engineering',2020,#2619);
#2619=APPLICATION_CONTEXT('managed model based 3d engineering');
ENDSEC;
END-ISO-10303-21;
